ISO-10303-21;
HEADER;
/* Generated by software containing ST-Developer
 * from STEP Tools, Inc. (www.steptools.com) 
 */

FILE_DESCRIPTION(
/* description */ (''),
/* implementation_level */ '2;1');

FILE_NAME(
/* name */ 'tr246 Gehuseboden GEH KS 21 Variante B.step',
/* time_stamp */ '2026-04-21T11:16:08+02:00',
/* author */ (''),
/* organization */ (''),
/* preprocessor_version */ 'ST-DEVELOPER v20.1',
/* originating_system */ 'Autodesk Translation Framework v15.8.0.0',
/* authorisation */ '');

FILE_SCHEMA (('AUTOMOTIVE_DESIGN { 1 0 10303 214 3 1 1 }'));
ENDSEC;

DATA;
#10=MECHANICAL_DESIGN_GEOMETRIC_PRESENTATION_REPRESENTATION('',(#22,#23,
#24),#4430);
#11=CONTEXT_DEPENDENT_OVER_RIDING_STYLED_ITEM('',(#4455),#4441,#24,(#15));
#12=MAPPED_ITEM('',#13,#2841);
#13=REPRESENTATION_MAP(#2841,#4440);
#14=ITEM_DEFINED_TRANSFORMATION($,$,#2595,#2840);
#15=(
REPRESENTATION_RELATIONSHIP($,$,#4441,#4440)
REPRESENTATION_RELATIONSHIP_WITH_TRANSFORMATION(#14)
SHAPE_REPRESENTATION_RELATIONSHIP()
);
#16=CONTEXT_DEPENDENT_SHAPE_REPRESENTATION(#15,#4439);
#17=NEXT_ASSEMBLY_USAGE_OCCURRENCE('Boden:1','Boden:1','Boden:1',#4443,
#4444,'Boden:1');
#18=SHAPE_REPRESENTATION_RELATIONSHIP('SRR','None',#4441,#20);
#19=SHAPE_REPRESENTATION_RELATIONSHIP('SRR','None',#4440,#21);
#20=ADVANCED_BREP_SHAPE_REPRESENTATION('',(#25),#4429);
#21=ADVANCED_BREP_SHAPE_REPRESENTATION('',(#26),#4428);
#22=STYLED_ITEM('',(#4455),#25);
#23=STYLED_ITEM('',(#4454),#26);
#24=STYLED_ITEM('',(#4457),#12);
#25=MANIFOLD_SOLID_BREP('K\X\F6rper1',#2580);
#26=MANIFOLD_SOLID_BREP('Resetdr\X\FCcker',#2581);
#27=TOROIDAL_SURFACE('',#2661,3.75,1.);
#28=B_SPLINE_CURVE_WITH_KNOTS('',3,(#3649,#3650,#3651,#3652,#3653,#3654,
#3655,#3656,#3657,#3658),.UNSPECIFIED.,.F.,.F.,(4,2,2,2,4),(0.0784223925582924,
0.159468803359035,0.31893760671807,0.415273667495569,0.42121671355513),
 .UNSPECIFIED.);
#29=B_SPLINE_CURVE_WITH_KNOTS('',3,(#3663,#3664,#3665,#3666,#3667,#3668,
#3669,#3670),.UNSPECIFIED.,.F.,.F.,(4,2,2,4),(0.42121671355513,0.511609728273068,
0.607945789050568,0.630725565097849),.UNSPECIFIED.);
#30=B_SPLINE_CURVE_WITH_KNOTS('',3,(#3721,#3722,#3723,#3724,#3725,#3726,
#3727,#3728,#3729,#3730),.UNSPECIFIED.,.F.,.F.,(4,2,2,2,4),(2.8653721022092,
2.87131514826876,2.96765120904626,3.1271200124053,3.20816642320604),
 .UNSPECIFIED.);
#31=B_SPLINE_CURVE_WITH_KNOTS('',3,(#3739,#3740,#3741,#3742,#3743,#3744,
#3745,#3746),.UNSPECIFIED.,.F.,.F.,(4,2,2,4),(2.65586325066648,2.67864302671376,
2.77497908749126,2.8653721022092),.UNSPECIFIED.);
#32=B_SPLINE_CURVE_WITH_KNOTS('',3,(#3776,#3777,#3778,#3779,#3780,#3781,
#3782,#3783,#3784,#3785,#3786,#3787,#3788,#3789),.UNSPECIFIED.,.F.,.F.,
(4,2,2,2,2,2,4),(0.0784223925582916,0.159468803359035,0.318937606718069,
0.415273667495569,0.511609728273068,0.607945789050567,0.630725565097848),
 .UNSPECIFIED.);
#33=B_SPLINE_CURVE_WITH_KNOTS('',3,(#3815,#3816,#3817,#3818,#3819,#3820,
#3821,#3822,#3823,#3824,#3825,#3826,#3827,#3828),.UNSPECIFIED.,.F.,.F.,
(4,2,2,2,2,2,4),(2.65586325066648,2.67864302671376,2.77497908749126,2.87131514826876,
2.96765120904626,3.1271200124053,3.20816642320604),.UNSPECIFIED.);
#34=B_SPLINE_CURVE_WITH_KNOTS('',3,(#3874,#3875,#3876,#3877,#3878,#3879),
 .UNSPECIFIED.,.F.,.F.,(4,2,4),(0.670786100219708,0.739943144325859,0.769232082369845),
 .UNSPECIFIED.);
#35=B_SPLINE_CURVE_WITH_KNOTS('',3,(#3882,#3883,#3884,#3885,#3886,#3887),
 .UNSPECIFIED.,.F.,.F.,(4,2,4),(0.572340118069571,0.601629056113557,0.670786100219708),
 .UNSPECIFIED.);
#36=(
BOUNDED_CURVE()
B_SPLINE_CURVE(2,(#3643,#3644,#3645),.UNSPECIFIED.,.F.,.F.)
B_SPLINE_CURVE_WITH_KNOTS((3,3),(0.,0.890208038907384),.UNSPECIFIED.)
CURVE()
GEOMETRIC_REPRESENTATION_ITEM()
RATIONAL_B_SPLINE_CURVE((1.,1.56251720560565,1.14059919067053))
REPRESENTATION_ITEM('')
);
#37=(
BOUNDED_CURVE()
B_SPLINE_CURVE(2,(#3671,#3672,#3673),.UNSPECIFIED.,.F.,.F.)
B_SPLINE_CURVE_WITH_KNOTS((3,3),(0.100991099826919,0.258640698546421),
 .UNSPECIFIED.)
CURVE()
GEOMETRIC_REPRESENTATION_ITEM()
RATIONAL_B_SPLINE_CURVE((1.14983724901762,1.25524996624723,1.32464327483284))
REPRESENTATION_ITEM('')
);
#38=(
BOUNDED_CURVE()
B_SPLINE_CURVE(2,(#3732,#3733,#3734),.UNSPECIFIED.,.F.,.F.)
B_SPLINE_CURVE_WITH_KNOTS((3,3),(0.127141458561406,1.01734949746879),
 .UNSPECIFIED.)
CURVE()
GEOMETRIC_REPRESENTATION_ITEM()
RATIONAL_B_SPLINE_CURVE((1.14059919067053,1.56251720560565,1.))
REPRESENTATION_ITEM('')
);
#39=(
BOUNDED_CURVE()
B_SPLINE_CURVE(2,(#3736,#3737,#3738),.UNSPECIFIED.,.F.,.F.)
B_SPLINE_CURVE_WITH_KNOTS((3,3),(0.866081390339381,1.02373098905888),
 .UNSPECIFIED.)
CURVE()
GEOMETRIC_REPRESENTATION_ITEM()
RATIONAL_B_SPLINE_CURVE((1.32464327483284,1.25524996624723,1.14983724901762))
REPRESENTATION_ITEM('')
);
#40=(
BOUNDED_CURVE()
B_SPLINE_CURVE(2,(#3749,#3750,#3751),.UNSPECIFIED.,.F.,.F.)
B_SPLINE_CURVE_WITH_KNOTS((3,3),(0.,0.890208038907385),.UNSPECIFIED.)
CURVE()
GEOMETRIC_REPRESENTATION_ITEM()
RATIONAL_B_SPLINE_CURVE((1.,1.56251720560565,1.14059919067053))
REPRESENTATION_ITEM('')
);
#41=(
BOUNDED_CURVE()
B_SPLINE_CURVE(2,(#3790,#3791,#3792),.UNSPECIFIED.,.F.,.F.)
B_SPLINE_CURVE_WITH_KNOTS((3,3),(0.10099109982692,0.258640698546422),
 .UNSPECIFIED.)
CURVE()
GEOMETRIC_REPRESENTATION_ITEM()
RATIONAL_B_SPLINE_CURVE((1.14983724901762,1.25524996624723,1.32464327483284))
REPRESENTATION_ITEM('')
);
#42=(
BOUNDED_CURVE()
B_SPLINE_CURVE(2,(#3808,#3809,#3810),.UNSPECIFIED.,.F.,.F.)
B_SPLINE_CURVE_WITH_KNOTS((3,3),(0.127141458561406,1.01734949746879),
 .UNSPECIFIED.)
CURVE()
GEOMETRIC_REPRESENTATION_ITEM()
RATIONAL_B_SPLINE_CURVE((1.14059919067053,1.56251720560565,1.))
REPRESENTATION_ITEM('')
);
#43=(
BOUNDED_CURVE()
B_SPLINE_CURVE(2,(#3812,#3813,#3814),.UNSPECIFIED.,.F.,.F.)
B_SPLINE_CURVE_WITH_KNOTS((3,3),(0.866081390339381,1.02373098905888),
 .UNSPECIFIED.)
CURVE()
GEOMETRIC_REPRESENTATION_ITEM()
RATIONAL_B_SPLINE_CURVE((1.32464327483284,1.25524996624723,1.14983724901762))
REPRESENTATION_ITEM('')
);
#44=FACE_BOUND('',#323,.T.);
#45=FACE_BOUND('',#327,.T.);
#46=FACE_BOUND('',#331,.T.);
#47=FACE_BOUND('',#335,.T.);
#48=FACE_BOUND('',#364,.T.);
#49=FACE_BOUND('',#389,.T.);
#50=FACE_BOUND('',#391,.T.);
#51=FACE_BOUND('',#393,.T.);
#52=FACE_BOUND('',#414,.T.);
#53=FACE_BOUND('',#433,.T.);
#54=FACE_BOUND('',#441,.T.);
#55=FACE_BOUND('',#442,.T.);
#56=FACE_BOUND('',#443,.T.);
#57=FACE_BOUND('',#444,.T.);
#58=FACE_BOUND('',#445,.T.);
#59=PLANE('',#2601);
#60=PLANE('',#2608);
#61=PLANE('',#2615);
#62=PLANE('',#2622);
#63=PLANE('',#2630);
#64=PLANE('',#2642);
#65=PLANE('',#2646);
#66=PLANE('',#2652);
#67=PLANE('',#2653);
#68=PLANE('',#2659);
#69=PLANE('',#2660);
#70=PLANE('',#2666);
#71=PLANE('',#2669);
#72=PLANE('',#2670);
#73=PLANE('',#2672);
#74=PLANE('',#2673);
#75=PLANE('',#2678);
#76=PLANE('',#2679);
#77=PLANE('',#2683);
#78=PLANE('',#2684);
#79=PLANE('',#2687);
#80=PLANE('',#2688);
#81=PLANE('',#2692);
#82=PLANE('',#2693);
#83=PLANE('',#2694);
#84=PLANE('',#2698);
#85=PLANE('',#2699);
#86=PLANE('',#2700);
#87=PLANE('',#2703);
#88=PLANE('',#2704);
#89=PLANE('',#2708);
#90=PLANE('',#2709);
#91=PLANE('',#2712);
#92=PLANE('',#2713);
#93=PLANE('',#2718);
#94=PLANE('',#2724);
#95=PLANE('',#2725);
#96=PLANE('',#2726);
#97=PLANE('',#2729);
#98=PLANE('',#2730);
#99=PLANE('',#2731);
#100=PLANE('',#2736);
#101=PLANE('',#2737);
#102=PLANE('',#2738);
#103=PLANE('',#2739);
#104=PLANE('',#2740);
#105=PLANE('',#2745);
#106=PLANE('',#2746);
#107=PLANE('',#2754);
#108=PLANE('',#2755);
#109=PLANE('',#2761);
#110=PLANE('',#2767);
#111=PLANE('',#2768);
#112=PLANE('',#2770);
#113=PLANE('',#2771);
#114=PLANE('',#2772);
#115=PLANE('',#2774);
#116=PLANE('',#2777);
#117=PLANE('',#2787);
#118=PLANE('',#2791);
#119=PLANE('',#2795);
#120=PLANE('',#2796);
#121=PLANE('',#2799);
#122=PLANE('',#2801);
#123=PLANE('',#2802);
#124=PLANE('',#2803);
#125=PLANE('',#2804);
#126=PLANE('',#2806);
#127=PLANE('',#2810);
#128=PLANE('',#2811);
#129=PLANE('',#2820);
#130=PLANE('',#2823);
#131=PLANE('',#2826);
#132=PLANE('',#2827);
#133=PLANE('',#2828);
#134=PLANE('',#2829);
#135=PLANE('',#2830);
#136=PLANE('',#2831);
#137=PLANE('',#2832);
#138=PLANE('',#2833);
#139=PLANE('',#2835);
#140=PLANE('',#2838);
#141=PLANE('',#2839);
#142=CYLINDRICAL_SURFACE('',#2599,0.950000000000001);
#143=CYLINDRICAL_SURFACE('',#2606,0.950000000000001);
#144=CYLINDRICAL_SURFACE('',#2613,0.950000000000001);
#145=CYLINDRICAL_SURFACE('',#2620,0.950000000000001);
#146=CYLINDRICAL_SURFACE('',#2627,4.5);
#147=CYLINDRICAL_SURFACE('',#2639,2.75);
#148=CYLINDRICAL_SURFACE('',#2643,2.75);
#149=CYLINDRICAL_SURFACE('',#2647,4.5);
#150=CYLINDRICAL_SURFACE('',#2649,2.75);
#151=CYLINDRICAL_SURFACE('',#2654,2.75);
#152=CYLINDRICAL_SURFACE('',#2655,4.5);
#153=CYLINDRICAL_SURFACE('',#2657,4.5);
#154=CYLINDRICAL_SURFACE('',#2667,2.75);
#155=CYLINDRICAL_SURFACE('',#2674,1.75);
#156=CYLINDRICAL_SURFACE('',#2685,3.50000000000002);
#157=CYLINDRICAL_SURFACE('',#2701,3.50000000000002);
#158=CYLINDRICAL_SURFACE('',#2710,3.50000000000002);
#159=CYLINDRICAL_SURFACE('',#2727,3.50000000000002);
#160=CYLINDRICAL_SURFACE('',#2741,3.5);
#161=CYLINDRICAL_SURFACE('',#2742,1.6);
#162=CYLINDRICAL_SURFACE('',#2747,3.5);
#163=CYLINDRICAL_SURFACE('',#2748,3.);
#164=CYLINDRICAL_SURFACE('',#2750,1.6);
#165=CYLINDRICAL_SURFACE('',#2762,3.5);
#166=CYLINDRICAL_SURFACE('',#2763,1.6);
#167=CYLINDRICAL_SURFACE('',#2766,1.6);
#168=CYLINDRICAL_SURFACE('',#2769,1.6);
#169=CYLINDRICAL_SURFACE('',#2773,1.6);
#170=CYLINDRICAL_SURFACE('',#2775,3.);
#171=CYLINDRICAL_SURFACE('',#2778,1.6);
#172=CYLINDRICAL_SURFACE('',#2781,1.6);
#173=CYLINDRICAL_SURFACE('',#2784,1.6);
#174=CYLINDRICAL_SURFACE('',#2792,3.5);
#175=CYLINDRICAL_SURFACE('',#2793,1.6);
#176=CYLINDRICAL_SURFACE('',#2797,3.);
#177=CYLINDRICAL_SURFACE('',#2805,2.99999999999999);
#178=CYLINDRICAL_SURFACE('',#2807,0.4);
#179=CYLINDRICAL_SURFACE('',#2818,0.4);
#180=CYLINDRICAL_SURFACE('',#2821,0.4);
#181=CYLINDRICAL_SURFACE('',#2824,0.4);
#182=CYLINDRICAL_SURFACE('',#2836,1.5);
#183=FACE_OUTER_BOUND('',#320,.T.);
#184=FACE_OUTER_BOUND('',#321,.T.);
#185=FACE_OUTER_BOUND('',#322,.T.);
#186=FACE_OUTER_BOUND('',#324,.T.);
#187=FACE_OUTER_BOUND('',#325,.T.);
#188=FACE_OUTER_BOUND('',#326,.T.);
#189=FACE_OUTER_BOUND('',#328,.T.);
#190=FACE_OUTER_BOUND('',#329,.T.);
#191=FACE_OUTER_BOUND('',#330,.T.);
#192=FACE_OUTER_BOUND('',#332,.T.);
#193=FACE_OUTER_BOUND('',#333,.T.);
#194=FACE_OUTER_BOUND('',#334,.T.);
#195=FACE_OUTER_BOUND('',#336,.T.);
#196=FACE_OUTER_BOUND('',#337,.T.);
#197=FACE_OUTER_BOUND('',#338,.T.);
#198=FACE_OUTER_BOUND('',#339,.T.);
#199=FACE_OUTER_BOUND('',#340,.T.);
#200=FACE_OUTER_BOUND('',#341,.T.);
#201=FACE_OUTER_BOUND('',#342,.T.);
#202=FACE_OUTER_BOUND('',#343,.T.);
#203=FACE_OUTER_BOUND('',#344,.T.);
#204=FACE_OUTER_BOUND('',#345,.T.);
#205=FACE_OUTER_BOUND('',#346,.T.);
#206=FACE_OUTER_BOUND('',#347,.T.);
#207=FACE_OUTER_BOUND('',#348,.T.);
#208=FACE_OUTER_BOUND('',#349,.T.);
#209=FACE_OUTER_BOUND('',#350,.T.);
#210=FACE_OUTER_BOUND('',#351,.T.);
#211=FACE_OUTER_BOUND('',#352,.T.);
#212=FACE_OUTER_BOUND('',#353,.T.);
#213=FACE_OUTER_BOUND('',#354,.T.);
#214=FACE_OUTER_BOUND('',#355,.T.);
#215=FACE_OUTER_BOUND('',#356,.T.);
#216=FACE_OUTER_BOUND('',#357,.T.);
#217=FACE_OUTER_BOUND('',#358,.T.);
#218=FACE_OUTER_BOUND('',#359,.T.);
#219=FACE_OUTER_BOUND('',#360,.T.);
#220=FACE_OUTER_BOUND('',#361,.T.);
#221=FACE_OUTER_BOUND('',#362,.T.);
#222=FACE_OUTER_BOUND('',#363,.T.);
#223=FACE_OUTER_BOUND('',#365,.T.);
#224=FACE_OUTER_BOUND('',#366,.T.);
#225=FACE_OUTER_BOUND('',#367,.T.);
#226=FACE_OUTER_BOUND('',#368,.T.);
#227=FACE_OUTER_BOUND('',#369,.T.);
#228=FACE_OUTER_BOUND('',#370,.T.);
#229=FACE_OUTER_BOUND('',#371,.T.);
#230=FACE_OUTER_BOUND('',#372,.T.);
#231=FACE_OUTER_BOUND('',#373,.T.);
#232=FACE_OUTER_BOUND('',#374,.T.);
#233=FACE_OUTER_BOUND('',#375,.T.);
#234=FACE_OUTER_BOUND('',#376,.T.);
#235=FACE_OUTER_BOUND('',#377,.T.);
#236=FACE_OUTER_BOUND('',#378,.T.);
#237=FACE_OUTER_BOUND('',#379,.T.);
#238=FACE_OUTER_BOUND('',#380,.T.);
#239=FACE_OUTER_BOUND('',#381,.T.);
#240=FACE_OUTER_BOUND('',#382,.T.);
#241=FACE_OUTER_BOUND('',#383,.T.);
#242=FACE_OUTER_BOUND('',#384,.T.);
#243=FACE_OUTER_BOUND('',#385,.T.);
#244=FACE_OUTER_BOUND('',#386,.T.);
#245=FACE_OUTER_BOUND('',#387,.T.);
#246=FACE_OUTER_BOUND('',#388,.T.);
#247=FACE_OUTER_BOUND('',#390,.T.);
#248=FACE_OUTER_BOUND('',#392,.T.);
#249=FACE_OUTER_BOUND('',#394,.T.);
#250=FACE_OUTER_BOUND('',#395,.T.);
#251=FACE_OUTER_BOUND('',#396,.T.);
#252=FACE_OUTER_BOUND('',#397,.T.);
#253=FACE_OUTER_BOUND('',#398,.T.);
#254=FACE_OUTER_BOUND('',#399,.T.);
#255=FACE_OUTER_BOUND('',#400,.T.);
#256=FACE_OUTER_BOUND('',#401,.T.);
#257=FACE_OUTER_BOUND('',#402,.T.);
#258=FACE_OUTER_BOUND('',#403,.T.);
#259=FACE_OUTER_BOUND('',#404,.T.);
#260=FACE_OUTER_BOUND('',#405,.T.);
#261=FACE_OUTER_BOUND('',#406,.T.);
#262=FACE_OUTER_BOUND('',#407,.T.);
#263=FACE_OUTER_BOUND('',#408,.T.);
#264=FACE_OUTER_BOUND('',#409,.T.);
#265=FACE_OUTER_BOUND('',#410,.T.);
#266=FACE_OUTER_BOUND('',#411,.T.);
#267=FACE_OUTER_BOUND('',#412,.T.);
#268=FACE_OUTER_BOUND('',#413,.T.);
#269=FACE_OUTER_BOUND('',#415,.T.);
#270=FACE_OUTER_BOUND('',#416,.T.);
#271=FACE_OUTER_BOUND('',#417,.T.);
#272=FACE_OUTER_BOUND('',#418,.T.);
#273=FACE_OUTER_BOUND('',#419,.T.);
#274=FACE_OUTER_BOUND('',#420,.T.);
#275=FACE_OUTER_BOUND('',#421,.T.);
#276=FACE_OUTER_BOUND('',#422,.T.);
#277=FACE_OUTER_BOUND('',#423,.T.);
#278=FACE_OUTER_BOUND('',#424,.T.);
#279=FACE_OUTER_BOUND('',#425,.T.);
#280=FACE_OUTER_BOUND('',#426,.T.);
#281=FACE_OUTER_BOUND('',#427,.T.);
#282=FACE_OUTER_BOUND('',#428,.T.);
#283=FACE_OUTER_BOUND('',#429,.T.);
#284=FACE_OUTER_BOUND('',#430,.T.);
#285=FACE_OUTER_BOUND('',#431,.T.);
#286=FACE_OUTER_BOUND('',#432,.T.);
#287=FACE_OUTER_BOUND('',#434,.T.);
#288=FACE_OUTER_BOUND('',#435,.T.);
#289=FACE_OUTER_BOUND('',#436,.T.);
#290=FACE_OUTER_BOUND('',#437,.T.);
#291=FACE_OUTER_BOUND('',#438,.T.);
#292=FACE_OUTER_BOUND('',#439,.T.);
#293=FACE_OUTER_BOUND('',#440,.T.);
#294=FACE_OUTER_BOUND('',#446,.T.);
#295=FACE_OUTER_BOUND('',#447,.T.);
#296=FACE_OUTER_BOUND('',#448,.T.);
#297=FACE_OUTER_BOUND('',#449,.T.);
#298=FACE_OUTER_BOUND('',#450,.T.);
#299=FACE_OUTER_BOUND('',#451,.T.);
#300=FACE_OUTER_BOUND('',#452,.T.);
#301=FACE_OUTER_BOUND('',#453,.T.);
#302=FACE_OUTER_BOUND('',#454,.T.);
#303=FACE_OUTER_BOUND('',#455,.T.);
#304=FACE_OUTER_BOUND('',#456,.T.);
#305=FACE_OUTER_BOUND('',#457,.T.);
#306=FACE_OUTER_BOUND('',#458,.T.);
#307=FACE_OUTER_BOUND('',#459,.T.);
#308=FACE_OUTER_BOUND('',#460,.T.);
#309=FACE_OUTER_BOUND('',#461,.T.);
#310=FACE_OUTER_BOUND('',#462,.T.);
#311=FACE_OUTER_BOUND('',#463,.T.);
#312=FACE_OUTER_BOUND('',#464,.T.);
#313=FACE_OUTER_BOUND('',#465,.T.);
#314=FACE_OUTER_BOUND('',#466,.T.);
#315=FACE_OUTER_BOUND('',#467,.T.);
#316=FACE_OUTER_BOUND('',#468,.T.);
#317=FACE_OUTER_BOUND('',#469,.T.);
#318=FACE_OUTER_BOUND('',#470,.T.);
#319=FACE_OUTER_BOUND('',#471,.T.);
#320=EDGE_LOOP('',(#1689,#1690,#1691,#1692));
#321=EDGE_LOOP('',(#1693,#1694,#1695,#1696));
#322=EDGE_LOOP('',(#1697));
#323=EDGE_LOOP('',(#1698));
#324=EDGE_LOOP('',(#1699,#1700,#1701,#1702));
#325=EDGE_LOOP('',(#1703,#1704,#1705,#1706));
#326=EDGE_LOOP('',(#1707));
#327=EDGE_LOOP('',(#1708));
#328=EDGE_LOOP('',(#1709,#1710,#1711,#1712));
#329=EDGE_LOOP('',(#1713,#1714,#1715,#1716));
#330=EDGE_LOOP('',(#1717));
#331=EDGE_LOOP('',(#1718));
#332=EDGE_LOOP('',(#1719,#1720,#1721,#1722));
#333=EDGE_LOOP('',(#1723,#1724,#1725,#1726));
#334=EDGE_LOOP('',(#1727));
#335=EDGE_LOOP('',(#1728));
#336=EDGE_LOOP('',(#1729,#1730,#1731,#1732,#1733,#1734,#1735,#1736));
#337=EDGE_LOOP('',(#1737,#1738,#1739,#1740,#1741,#1742));
#338=EDGE_LOOP('',(#1743,#1744,#1745,#1746,#1747,#1748,#1749,#1750,#1751,
#1752,#1753,#1754,#1755,#1756,#1757,#1758,#1759,#1760));
#339=EDGE_LOOP('',(#1761,#1762,#1763,#1764));
#340=EDGE_LOOP('',(#1765,#1766,#1767,#1768,#1769,#1770,#1771,#1772));
#341=EDGE_LOOP('',(#1773,#1774,#1775,#1776,#1777,#1778,#1779,#1780,#1781,
#1782,#1783,#1784));
#342=EDGE_LOOP('',(#1785,#1786,#1787,#1788));
#343=EDGE_LOOP('',(#1789,#1790,#1791,#1792,#1793,#1794,#1795,#1796));
#344=EDGE_LOOP('',(#1797,#1798,#1799,#1800));
#345=EDGE_LOOP('',(#1801,#1802,#1803,#1804,#1805));
#346=EDGE_LOOP('',(#1806,#1807,#1808,#1809));
#347=EDGE_LOOP('',(#1810,#1811,#1812,#1813,#1814,#1815,#1816,#1817));
#348=EDGE_LOOP('',(#1818,#1819,#1820,#1821));
#349=EDGE_LOOP('',(#1822,#1823,#1824,#1825,#1826,#1827,#1828,#1829,#1830,
#1831,#1832,#1833));
#350=EDGE_LOOP('',(#1834,#1835,#1836,#1837));
#351=EDGE_LOOP('',(#1838,#1839,#1840,#1841,#1842));
#352=EDGE_LOOP('',(#1843,#1844,#1845,#1846,#1847,#1848));
#353=EDGE_LOOP('',(#1849,#1850,#1851,#1852));
#354=EDGE_LOOP('',(#1853,#1854,#1855,#1856));
#355=EDGE_LOOP('',(#1857,#1858,#1859,#1860,#1861,#1862,#1863));
#356=EDGE_LOOP('',(#1864,#1865,#1866,#1867,#1868,#1869,#1870,#1871,#1872,
#1873));
#357=EDGE_LOOP('',(#1874,#1875,#1876,#1877,#1878));
#358=EDGE_LOOP('',(#1879,#1880,#1881,#1882));
#359=EDGE_LOOP('',(#1883,#1884,#1885,#1886));
#360=EDGE_LOOP('',(#1887,#1888,#1889,#1890));
#361=EDGE_LOOP('',(#1891,#1892,#1893,#1894));
#362=EDGE_LOOP('',(#1895,#1896,#1897,#1898,#1899,#1900,#1901,#1902));
#363=EDGE_LOOP('',(#1903));
#364=EDGE_LOOP('',(#1904));
#365=EDGE_LOOP('',(#1905,#1906,#1907,#1908));
#366=EDGE_LOOP('',(#1909,#1910,#1911,#1912));
#367=EDGE_LOOP('',(#1913,#1914,#1915,#1916));
#368=EDGE_LOOP('',(#1917,#1918,#1919,#1920));
#369=EDGE_LOOP('',(#1921,#1922,#1923,#1924));
#370=EDGE_LOOP('',(#1925,#1926,#1927,#1928));
#371=EDGE_LOOP('',(#1929,#1930,#1931,#1932));
#372=EDGE_LOOP('',(#1933,#1934,#1935,#1936));
#373=EDGE_LOOP('',(#1937,#1938,#1939,#1940));
#374=EDGE_LOOP('',(#1941,#1942,#1943,#1944,#1945,#1946,#1947,#1948));
#375=EDGE_LOOP('',(#1949,#1950,#1951,#1952));
#376=EDGE_LOOP('',(#1953,#1954,#1955,#1956));
#377=EDGE_LOOP('',(#1957,#1958,#1959,#1960));
#378=EDGE_LOOP('',(#1961,#1962,#1963,#1964,#1965,#1966,#1967,#1968,#1969,
#1970));
#379=EDGE_LOOP('',(#1971,#1972,#1973,#1974));
#380=EDGE_LOOP('',(#1975,#1976,#1977,#1978));
#381=EDGE_LOOP('',(#1979,#1980,#1981,#1982));
#382=EDGE_LOOP('',(#1983,#1984,#1985,#1986));
#383=EDGE_LOOP('',(#1987,#1988,#1989,#1990));
#384=EDGE_LOOP('',(#1991,#1992,#1993,#1994));
#385=EDGE_LOOP('',(#1995,#1996,#1997,#1998));
#386=EDGE_LOOP('',(#1999,#2000,#2001,#2002));
#387=EDGE_LOOP('',(#2003,#2004,#2005,#2006));
#388=EDGE_LOOP('',(#2007,#2008,#2009,#2010,#2011,#2012));
#389=EDGE_LOOP('',(#2013,#2014));
#390=EDGE_LOOP('',(#2015,#2016,#2017,#2018,#2019,#2020));
#391=EDGE_LOOP('',(#2021,#2022,#2023));
#392=EDGE_LOOP('',(#2024,#2025,#2026,#2027,#2028,#2029,#2030,#2031,#2032,
#2033));
#393=EDGE_LOOP('',(#2034,#2035,#2036,#2037,#2038));
#394=EDGE_LOOP('',(#2039,#2040,#2041,#2042,#2043,#2044,#2045,#2046));
#395=EDGE_LOOP('',(#2047,#2048,#2049,#2050));
#396=EDGE_LOOP('',(#2051,#2052,#2053,#2054));
#397=EDGE_LOOP('',(#2055,#2056,#2057,#2058));
#398=EDGE_LOOP('',(#2059,#2060,#2061,#2062,#2063));
#399=EDGE_LOOP('',(#2064,#2065,#2066,#2067,#2068,#2069,#2070,#2071,#2072,
#2073,#2074,#2075,#2076,#2077,#2078,#2079));
#400=EDGE_LOOP('',(#2080,#2081,#2082,#2083,#2084));
#401=EDGE_LOOP('',(#2085,#2086,#2087,#2088,#2089,#2090,#2091,#2092));
#402=EDGE_LOOP('',(#2093,#2094,#2095,#2096,#2097,#2098,#2099,#2100));
#403=EDGE_LOOP('',(#2101,#2102,#2103,#2104,#2105,#2106,#2107,#2108));
#404=EDGE_LOOP('',(#2109,#2110,#2111,#2112,#2113));
#405=EDGE_LOOP('',(#2114,#2115,#2116,#2117));
#406=EDGE_LOOP('',(#2118,#2119,#2120,#2121,#2122,#2123,#2124,#2125));
#407=EDGE_LOOP('',(#2126,#2127,#2128,#2129,#2130));
#408=EDGE_LOOP('',(#2131,#2132,#2133,#2134,#2135));
#409=EDGE_LOOP('',(#2136,#2137,#2138,#2139));
#410=EDGE_LOOP('',(#2140,#2141,#2142,#2143));
#411=EDGE_LOOP('',(#2144,#2145,#2146,#2147,#2148,#2149,#2150,#2151));
#412=EDGE_LOOP('',(#2152,#2153,#2154,#2155,#2156));
#413=EDGE_LOOP('',(#2157,#2158,#2159,#2160,#2161,#2162));
#414=EDGE_LOOP('',(#2163,#2164,#2165));
#415=EDGE_LOOP('',(#2166,#2167,#2168,#2169,#2170));
#416=EDGE_LOOP('',(#2171,#2172,#2173,#2174));
#417=EDGE_LOOP('',(#2175,#2176,#2177,#2178,#2179,#2180,#2181,#2182));
#418=EDGE_LOOP('',(#2183,#2184,#2185,#2186));
#419=EDGE_LOOP('',(#2187,#2188,#2189,#2190));
#420=EDGE_LOOP('',(#2191,#2192,#2193,#2194));
#421=EDGE_LOOP('',(#2195,#2196,#2197,#2198,#2199));
#422=EDGE_LOOP('',(#2200,#2201,#2202,#2203,#2204,#2205,#2206,#2207));
#423=EDGE_LOOP('',(#2208,#2209,#2210,#2211));
#424=EDGE_LOOP('',(#2212,#2213,#2214,#2215));
#425=EDGE_LOOP('',(#2216,#2217,#2218,#2219));
#426=EDGE_LOOP('',(#2220,#2221,#2222,#2223));
#427=EDGE_LOOP('',(#2224,#2225,#2226,#2227));
#428=EDGE_LOOP('',(#2228,#2229,#2230,#2231));
#429=EDGE_LOOP('',(#2232,#2233,#2234,#2235));
#430=EDGE_LOOP('',(#2236,#2237,#2238,#2239));
#431=EDGE_LOOP('',(#2240,#2241,#2242,#2243));
#432=EDGE_LOOP('',(#2244,#2245,#2246,#2247,#2248,#2249));
#433=EDGE_LOOP('',(#2250,#2251,#2252,#2253));
#434=EDGE_LOOP('',(#2254,#2255,#2256,#2257,#2258));
#435=EDGE_LOOP('',(#2259,#2260,#2261,#2262));
#436=EDGE_LOOP('',(#2263,#2264,#2265,#2266));
#437=EDGE_LOOP('',(#2267,#2268,#2269,#2270));
#438=EDGE_LOOP('',(#2271,#2272,#2273,#2274,#2275,#2276,#2277,#2278));
#439=EDGE_LOOP('',(#2279,#2280,#2281,#2282));
#440=EDGE_LOOP('',(#2283,#2284,#2285,#2286,#2287,#2288,#2289,#2290,#2291,
#2292,#2293));
#441=EDGE_LOOP('',(#2294));
#442=EDGE_LOOP('',(#2295));
#443=EDGE_LOOP('',(#2296,#2297,#2298,#2299,#2300,#2301,#2302,#2303,#2304,
#2305,#2306,#2307,#2308,#2309,#2310,#2311));
#444=EDGE_LOOP('',(#2312,#2313,#2314,#2315));
#445=EDGE_LOOP('',(#2316));
#446=EDGE_LOOP('',(#2317,#2318,#2319,#2320));
#447=EDGE_LOOP('',(#2321));
#448=EDGE_LOOP('',(#2322));
#449=EDGE_LOOP('',(#2323));
#450=EDGE_LOOP('',(#2324,#2325,#2326,#2327));
#451=EDGE_LOOP('',(#2328));
#452=EDGE_LOOP('',(#2329,#2330,#2331,#2332));
#453=EDGE_LOOP('',(#2333,#2334,#2335,#2336));
#454=EDGE_LOOP('',(#2337,#2338,#2339,#2340,#2341,#2342,#2343,#2344,#2345,
#2346,#2347,#2348,#2349,#2350,#2351,#2352,#2353,#2354));
#455=EDGE_LOOP('',(#2355,#2356,#2357,#2358));
#456=EDGE_LOOP('',(#2359,#2360,#2361,#2362));
#457=EDGE_LOOP('',(#2363,#2364,#2365,#2366));
#458=EDGE_LOOP('',(#2367,#2368,#2369,#2370,#2371));
#459=EDGE_LOOP('',(#2372,#2373,#2374,#2375));
#460=EDGE_LOOP('',(#2376,#2377,#2378,#2379));
#461=EDGE_LOOP('',(#2380,#2381,#2382,#2383));
#462=EDGE_LOOP('',(#2384,#2385,#2386,#2387));
#463=EDGE_LOOP('',(#2388,#2389,#2390,#2391));
#464=EDGE_LOOP('',(#2392,#2393,#2394,#2395));
#465=EDGE_LOOP('',(#2396,#2397,#2398,#2399));
#466=EDGE_LOOP('',(#2400,#2401,#2402,#2403));
#467=EDGE_LOOP('',(#2404,#2405,#2406,#2407,#2408));
#468=EDGE_LOOP('',(#2409,#2410,#2411,#2412));
#469=EDGE_LOOP('',(#2413,#2414,#2415,#2416,#2417,#2418,#2419,#2420,#2421));
#470=EDGE_LOOP('',(#2422,#2423,#2424,#2425,#2426,#2427,#2428,#2429));
#471=EDGE_LOOP('',(#2430));
#472=LINE('',#3592,#720);
#473=LINE('',#3596,#721);
#474=LINE('',#3605,#722);
#475=LINE('',#3609,#723);
#476=LINE('',#3618,#724);
#477=LINE('',#3622,#725);
#478=LINE('',#3631,#726);
#479=LINE('',#3635,#727);
#480=LINE('',#3660,#728);
#481=LINE('',#3678,#729);
#482=LINE('',#3681,#730);
#483=LINE('',#3684,#731);
#484=LINE('',#3692,#732);
#485=LINE('',#3694,#733);
#486=LINE('',#3696,#734);
#487=LINE('',#3704,#735);
#488=LINE('',#3710,#736);
#489=LINE('',#3712,#737);
#490=LINE('',#3713,#738);
#491=LINE('',#3715,#739);
#492=LINE('',#3720,#740);
#493=LINE('',#3753,#741);
#494=LINE('',#3755,#742);
#495=LINE('',#3757,#743);
#496=LINE('',#3759,#744);
#497=LINE('',#3761,#745);
#498=LINE('',#3763,#746);
#499=LINE('',#3765,#747);
#500=LINE('',#3767,#748);
#501=LINE('',#3768,#749);
#502=LINE('',#3770,#750);
#503=LINE('',#3774,#751);
#504=LINE('',#3795,#752);
#505=LINE('',#3796,#753);
#506=LINE('',#3799,#754);
#507=LINE('',#3802,#755);
#508=LINE('',#3806,#756);
#509=LINE('',#3831,#757);
#510=LINE('',#3833,#758);
#511=LINE('',#3834,#759);
#512=LINE('',#3837,#760);
#513=LINE('',#3839,#761);
#514=LINE('',#3841,#762);
#515=LINE('',#3843,#763);
#516=LINE('',#3845,#764);
#517=LINE('',#3847,#765);
#518=LINE('',#3849,#766);
#519=LINE('',#3850,#767);
#520=LINE('',#3852,#768);
#521=LINE('',#3856,#769);
#522=LINE('',#3859,#770);
#523=LINE('',#3862,#771);
#524=LINE('',#3864,#772);
#525=LINE('',#3866,#773);
#526=LINE('',#3891,#774);
#527=LINE('',#3893,#775);
#528=LINE('',#3895,#776);
#529=LINE('',#3897,#777);
#530=LINE('',#3899,#778);
#531=LINE('',#3901,#779);
#532=LINE('',#3903,#780);
#533=LINE('',#3905,#781);
#534=LINE('',#3906,#782);
#535=LINE('',#3910,#783);
#536=LINE('',#3914,#784);
#537=LINE('',#3916,#785);
#538=LINE('',#3918,#786);
#539=LINE('',#3919,#787);
#540=LINE('',#3924,#788);
#541=LINE('',#3925,#789);
#542=LINE('',#3929,#790);
#543=LINE('',#3930,#791);
#544=LINE('',#3931,#792);
#545=LINE('',#3933,#793);
#546=LINE('',#3938,#794);
#547=LINE('',#3944,#795);
#548=LINE('',#3946,#796);
#549=LINE('',#3947,#797);
#550=LINE('',#3951,#798);
#551=LINE('',#3957,#799);
#552=LINE('',#3958,#800);
#553=LINE('',#3959,#801);
#554=LINE('',#3962,#802);
#555=LINE('',#3963,#803);
#556=LINE('',#3966,#804);
#557=LINE('',#3970,#805);
#558=LINE('',#3971,#806);
#559=LINE('',#3974,#807);
#560=LINE('',#3976,#808);
#561=LINE('',#3977,#809);
#562=LINE('',#3981,#810);
#563=LINE('',#3987,#811);
#564=LINE('',#3988,#812);
#565=LINE('',#3989,#813);
#566=LINE('',#3992,#814);
#567=LINE('',#3993,#815);
#568=LINE('',#3996,#816);
#569=LINE('',#3998,#817);
#570=LINE('',#3999,#818);
#571=LINE('',#4003,#819);
#572=LINE('',#4009,#820);
#573=LINE('',#4010,#821);
#574=LINE('',#4011,#822);
#575=LINE('',#4014,#823);
#576=LINE('',#4015,#824);
#577=LINE('',#4017,#825);
#578=LINE('',#4018,#826);
#579=LINE('',#4020,#827);
#580=LINE('',#4021,#828);
#581=LINE('',#4024,#829);
#582=LINE('',#4025,#830);
#583=LINE('',#4028,#831);
#584=LINE('',#4031,#832);
#585=LINE('',#4035,#833);
#586=LINE('',#4037,#834);
#587=LINE('',#4039,#835);
#588=LINE('',#4040,#836);
#589=LINE('',#4044,#837);
#590=LINE('',#4048,#838);
#591=LINE('',#4049,#839);
#592=LINE('',#4052,#840);
#593=LINE('',#4053,#841);
#594=LINE('',#4056,#842);
#595=LINE('',#4060,#843);
#596=LINE('',#4061,#844);
#597=LINE('',#4065,#845);
#598=LINE('',#4067,#846);
#599=LINE('',#4071,#847);
#600=LINE('',#4073,#848);
#601=LINE('',#4082,#849);
#602=LINE('',#4085,#850);
#603=LINE('',#4088,#851);
#604=LINE('',#4097,#852);
#605=LINE('',#4098,#853);
#606=LINE('',#4100,#854);
#607=LINE('',#4101,#855);
#608=LINE('',#4102,#856);
#609=LINE('',#4104,#857);
#610=LINE('',#4107,#858);
#611=LINE('',#4108,#859);
#612=LINE('',#4112,#860);
#613=LINE('',#4114,#861);
#614=LINE('',#4117,#862);
#615=LINE('',#4119,#863);
#616=LINE('',#4120,#864);
#617=LINE('',#4123,#865);
#618=LINE('',#4125,#866);
#619=LINE('',#4129,#867);
#620=LINE('',#4131,#868);
#621=LINE('',#4133,#869);
#622=LINE('',#4137,#870);
#623=LINE('',#4139,#871);
#624=LINE('',#4141,#872);
#625=LINE('',#4145,#873);
#626=LINE('',#4147,#874);
#627=LINE('',#4149,#875);
#628=LINE('',#4153,#876);
#629=LINE('',#4154,#877);
#630=LINE('',#4155,#878);
#631=LINE('',#4158,#879);
#632=LINE('',#4159,#880);
#633=LINE('',#4161,#881);
#634=LINE('',#4163,#882);
#635=LINE('',#4164,#883);
#636=LINE('',#4168,#884);
#637=LINE('',#4170,#885);
#638=LINE('',#4172,#886);
#639=LINE('',#4174,#887);
#640=LINE('',#4176,#888);
#641=LINE('',#4178,#889);
#642=LINE('',#4180,#890);
#643=LINE('',#4181,#891);
#644=LINE('',#4185,#892);
#645=LINE('',#4187,#893);
#646=LINE('',#4189,#894);
#647=LINE('',#4191,#895);
#648=LINE('',#4193,#896);
#649=LINE('',#4194,#897);
#650=LINE('',#4195,#898);
#651=LINE('',#4197,#899);
#652=LINE('',#4199,#900);
#653=LINE('',#4200,#901);
#654=LINE('',#4205,#902);
#655=LINE('',#4207,#903);
#656=LINE('',#4210,#904);
#657=LINE('',#4212,#905);
#658=LINE('',#4213,#906);
#659=LINE('',#4215,#907);
#660=LINE('',#4216,#908);
#661=LINE('',#4224,#909);
#662=LINE('',#4227,#910);
#663=LINE('',#4229,#911);
#664=LINE('',#4232,#912);
#665=LINE('',#4234,#913);
#666=LINE('',#4235,#914);
#667=LINE('',#4240,#915);
#668=LINE('',#4248,#916);
#669=LINE('',#4249,#917);
#670=LINE('',#4254,#918);
#671=LINE('',#4256,#919);
#672=LINE('',#4259,#920);
#673=LINE('',#4265,#921);
#674=LINE('',#4268,#922);
#675=LINE('',#4277,#923);
#676=LINE('',#4281,#924);
#677=LINE('',#4286,#925);
#678=LINE('',#4290,#926);
#679=LINE('',#4298,#927);
#680=LINE('',#4302,#928);
#681=LINE('',#4307,#929);
#682=LINE('',#4324,#930);
#683=LINE('',#4327,#931);
#684=LINE('',#4330,#932);
#685=LINE('',#4332,#933);
#686=LINE('',#4333,#934);
#687=LINE('',#4336,#935);
#688=LINE('',#4340,#936);
#689=LINE('',#4344,#937);
#690=LINE('',#4346,#938);
#691=LINE('',#4348,#939);
#692=LINE('',#4350,#940);
#693=LINE('',#4352,#941);
#694=LINE('',#4354,#942);
#695=LINE('',#4359,#943);
#696=LINE('',#4363,#944);
#697=LINE('',#4367,#945);
#698=LINE('',#4371,#946);
#699=LINE('',#4372,#947);
#700=LINE('',#4375,#948);
#701=LINE('',#4379,#949);
#702=LINE('',#4380,#950);
#703=LINE('',#4383,#951);
#704=LINE('',#4386,#952);
#705=LINE('',#4389,#953);
#706=LINE('',#4391,#954);
#707=LINE('',#4392,#955);
#708=LINE('',#4395,#956);
#709=LINE('',#4396,#957);
#710=LINE('',#4399,#958);
#711=LINE('',#4400,#959);
#712=LINE('',#4403,#960);
#713=LINE('',#4404,#961);
#714=LINE('',#4407,#962);
#715=LINE('',#4408,#963);
#716=LINE('',#4410,#964);
#717=LINE('',#4413,#965);
#718=LINE('',#4416,#966);
#719=LINE('',#4420,#967);
#720=VECTOR('',#2850,1.15);
#721=VECTOR('',#2855,1.2);
#722=VECTOR('',#2866,1.15);
#723=VECTOR('',#2871,1.2);
#724=VECTOR('',#2882,1.15);
#725=VECTOR('',#2887,1.2);
#726=VECTOR('',#2898,1.15);
#727=VECTOR('',#2903,1.2);
#728=VECTOR('',#2914,4.25);
#729=VECTOR('',#2921,10.);
#730=VECTOR('',#2924,10.);
#731=VECTOR('',#2927,10.);
#732=VECTOR('',#2934,10.);
#733=VECTOR('',#2935,10.);
#734=VECTOR('',#2936,10.);
#735=VECTOR('',#2943,10.);
#736=VECTOR('',#2948,10.);
#737=VECTOR('',#2949,10.);
#738=VECTOR('',#2950,10.);
#739=VECTOR('',#2953,2.75);
#740=VECTOR('',#2958,4.25);
#741=VECTOR('',#2961,10.);
#742=VECTOR('',#2962,10.);
#743=VECTOR('',#2963,10.);
#744=VECTOR('',#2964,10.);
#745=VECTOR('',#2965,10.);
#746=VECTOR('',#2966,10.);
#747=VECTOR('',#2967,10.);
#748=VECTOR('',#2968,10.);
#749=VECTOR('',#2969,10.);
#750=VECTOR('',#2972,2.75);
#751=VECTOR('',#2977,4.25);
#752=VECTOR('',#2980,10.);
#753=VECTOR('',#2981,10.);
#754=VECTOR('',#2984,10.);
#755=VECTOR('',#2989,2.75);
#756=VECTOR('',#2994,4.25);
#757=VECTOR('',#2997,10.);
#758=VECTOR('',#2998,10.);
#759=VECTOR('',#2999,4.5);
#760=VECTOR('',#3002,10.);
#761=VECTOR('',#3003,10.);
#762=VECTOR('',#3004,10.);
#763=VECTOR('',#3005,10.);
#764=VECTOR('',#3006,10.);
#765=VECTOR('',#3007,10.);
#766=VECTOR('',#3008,10.);
#767=VECTOR('',#3009,10.);
#768=VECTOR('',#3012,2.75);
#769=VECTOR('',#3017,10.);
#770=VECTOR('',#3020,4.5);
#771=VECTOR('',#3023,10.);
#772=VECTOR('',#3026,10.);
#773=VECTOR('',#3029,10.);
#774=VECTOR('',#3042,10.);
#775=VECTOR('',#3043,10.);
#776=VECTOR('',#3044,10.);
#777=VECTOR('',#3045,10.);
#778=VECTOR('',#3046,10.);
#779=VECTOR('',#3047,10.);
#780=VECTOR('',#3048,10.);
#781=VECTOR('',#3049,10.);
#782=VECTOR('',#3050,10.);
#783=VECTOR('',#3055,2.75);
#784=VECTOR('',#3058,10.);
#785=VECTOR('',#3059,10.);
#786=VECTOR('',#3060,10.);
#787=VECTOR('',#3061,10.);
#788=VECTOR('',#3066,10.);
#789=VECTOR('',#3067,10.);
#790=VECTOR('',#3070,10.);
#791=VECTOR('',#3071,10.);
#792=VECTOR('',#3072,10.);
#793=VECTOR('',#3075,10.);
#794=VECTOR('',#3080,1.75);
#795=VECTOR('',#3089,10.);
#796=VECTOR('',#3090,10.);
#797=VECTOR('',#3091,10.);
#798=VECTOR('',#3094,10.);
#799=VECTOR('',#3101,10.);
#800=VECTOR('',#3102,10.);
#801=VECTOR('',#3103,10.);
#802=VECTOR('',#3106,10.);
#803=VECTOR('',#3107,10.);
#804=VECTOR('',#3110,10.);
#805=VECTOR('',#3115,10.);
#806=VECTOR('',#3116,10.);
#807=VECTOR('',#3119,10.);
#808=VECTOR('',#3120,10.);
#809=VECTOR('',#3121,10.);
#810=VECTOR('',#3124,10.);
#811=VECTOR('',#3131,10.);
#812=VECTOR('',#3132,10.);
#813=VECTOR('',#3133,10.);
#814=VECTOR('',#3136,10.);
#815=VECTOR('',#3137,10.);
#816=VECTOR('',#3140,10.);
#817=VECTOR('',#3141,10.);
#818=VECTOR('',#3142,10.);
#819=VECTOR('',#3145,10.);
#820=VECTOR('',#3152,10.);
#821=VECTOR('',#3153,10.);
#822=VECTOR('',#3154,10.);
#823=VECTOR('',#3157,10.);
#824=VECTOR('',#3158,10.);
#825=VECTOR('',#3159,10.);
#826=VECTOR('',#3160,10.);
#827=VECTOR('',#3161,10.);
#828=VECTOR('',#3162,10.);
#829=VECTOR('',#3165,10.);
#830=VECTOR('',#3166,10.);
#831=VECTOR('',#3169,10.);
#832=VECTOR('',#3174,10.);
#833=VECTOR('',#3177,10.);
#834=VECTOR('',#3178,10.);
#835=VECTOR('',#3179,10.);
#836=VECTOR('',#3180,10.);
#837=VECTOR('',#3183,10.);
#838=VECTOR('',#3190,10.);
#839=VECTOR('',#3191,10.);
#840=VECTOR('',#3194,10.);
#841=VECTOR('',#3195,10.);
#842=VECTOR('',#3198,10.);
#843=VECTOR('',#3203,10.);
#844=VECTOR('',#3204,10.);
#845=VECTOR('',#3207,10.);
#846=VECTOR('',#3208,10.);
#847=VECTOR('',#3211,10.);
#848=VECTOR('',#3212,10.);
#849=VECTOR('',#3221,10.);
#850=VECTOR('',#3224,10.);
#851=VECTOR('',#3227,10.);
#852=VECTOR('',#3236,10.);
#853=VECTOR('',#3237,10.);
#854=VECTOR('',#3238,10.);
#855=VECTOR('',#3239,10.);
#856=VECTOR('',#3240,10.);
#857=VECTOR('',#3243,10.);
#858=VECTOR('',#3246,10.);
#859=VECTOR('',#3247,10.);
#860=VECTOR('',#3252,10.);
#861=VECTOR('',#3255,10.);
#862=VECTOR('',#3258,10.);
#863=VECTOR('',#3259,10.);
#864=VECTOR('',#3260,10.);
#865=VECTOR('',#3263,10.);
#866=VECTOR('',#3264,10.);
#867=VECTOR('',#3267,10.);
#868=VECTOR('',#3268,10.);
#869=VECTOR('',#3269,10.);
#870=VECTOR('',#3272,10.);
#871=VECTOR('',#3273,10.);
#872=VECTOR('',#3274,10.);
#873=VECTOR('',#3277,10.);
#874=VECTOR('',#3278,10.);
#875=VECTOR('',#3279,10.);
#876=VECTOR('',#3284,10.);
#877=VECTOR('',#3285,10.);
#878=VECTOR('',#3286,10.);
#879=VECTOR('',#3289,10.);
#880=VECTOR('',#3290,10.);
#881=VECTOR('',#3291,10.);
#882=VECTOR('',#3292,10.);
#883=VECTOR('',#3293,10.);
#884=VECTOR('',#3296,10.);
#885=VECTOR('',#3297,10.);
#886=VECTOR('',#3298,10.);
#887=VECTOR('',#3299,10.);
#888=VECTOR('',#3300,10.);
#889=VECTOR('',#3301,10.);
#890=VECTOR('',#3302,10.);
#891=VECTOR('',#3303,10.);
#892=VECTOR('',#3306,10.);
#893=VECTOR('',#3307,10.);
#894=VECTOR('',#3308,10.);
#895=VECTOR('',#3309,10.);
#896=VECTOR('',#3310,10.);
#897=VECTOR('',#3311,10.);
#898=VECTOR('',#3312,10.);
#899=VECTOR('',#3315,10.);
#900=VECTOR('',#3316,10.);
#901=VECTOR('',#3317,10.);
#902=VECTOR('',#3324,1.6);
#903=VECTOR('',#3325,10.);
#904=VECTOR('',#3328,10.);
#905=VECTOR('',#3331,10.);
#906=VECTOR('',#3332,10.);
#907=VECTOR('',#3335,10.);
#908=VECTOR('',#3336,10.);
#909=VECTOR('',#3347,1.6);
#910=VECTOR('',#3350,10.);
#911=VECTOR('',#3351,10.);
#912=VECTOR('',#3356,10.);
#913=VECTOR('',#3357,10.);
#914=VECTOR('',#3358,10.);
#915=VECTOR('',#3365,10.);
#916=VECTOR('',#3374,10.);
#917=VECTOR('',#3375,10.);
#918=VECTOR('',#3382,1.6);
#919=VECTOR('',#3383,10.);
#920=VECTOR('',#3386,10.);
#921=VECTOR('',#3397,10.);
#922=VECTOR('',#3402,10.);
#923=VECTOR('',#3415,10.);
#924=VECTOR('',#3418,10.);
#925=VECTOR('',#3423,10.);
#926=VECTOR('',#3426,10.);
#927=VECTOR('',#3439,10.);
#928=VECTOR('',#3446,10.);
#929=VECTOR('',#3455,10.);
#930=VECTOR('',#3482,10.);
#931=VECTOR('',#3485,10.);
#932=VECTOR('',#3488,10.);
#933=VECTOR('',#3489,10.);
#934=VECTOR('',#3490,10.);
#935=VECTOR('',#3493,10.);
#936=VECTOR('',#3496,10.);
#937=VECTOR('',#3499,10.);
#938=VECTOR('',#3500,10.);
#939=VECTOR('',#3501,10.);
#940=VECTOR('',#3502,10.);
#941=VECTOR('',#3503,10.);
#942=VECTOR('',#3504,10.);
#943=VECTOR('',#3509,10.);
#944=VECTOR('',#3512,10.);
#945=VECTOR('',#3517,10.);
#946=VECTOR('',#3522,10.);
#947=VECTOR('',#3523,10.);
#948=VECTOR('',#3526,10.);
#949=VECTOR('',#3531,10.);
#950=VECTOR('',#3532,10.);
#951=VECTOR('',#3535,10.);
#952=VECTOR('',#3540,10.);
#953=VECTOR('',#3543,10.);
#954=VECTOR('',#3544,10.);
#955=VECTOR('',#3545,10.);
#956=VECTOR('',#3548,10.);
#957=VECTOR('',#3549,10.);
#958=VECTOR('',#3552,10.);
#959=VECTOR('',#3553,10.);
#960=VECTOR('',#3556,10.);
#961=VECTOR('',#3557,10.);
#962=VECTOR('',#3560,10.);
#963=VECTOR('',#3561,10.);
#964=VECTOR('',#3564,10.);
#965=VECTOR('',#3567,10.);
#966=VECTOR('',#3572,10.);
#967=VECTOR('',#3577,1.75);
#968=CIRCLE('',#2597,1.35);
#969=CIRCLE('',#2598,0.950000000000001);
#970=CIRCLE('',#2600,0.950000000000001);
#971=CIRCLE('',#2602,2.75);
#972=CIRCLE('',#2604,1.35);
#973=CIRCLE('',#2605,0.950000000000001);
#974=CIRCLE('',#2607,0.950000000000001);
#975=CIRCLE('',#2609,2.75);
#976=CIRCLE('',#2611,1.35);
#977=CIRCLE('',#2612,0.950000000000001);
#978=CIRCLE('',#2614,0.950000000000001);
#979=CIRCLE('',#2616,2.75);
#980=CIRCLE('',#2618,1.35);
#981=CIRCLE('',#2619,0.950000000000001);
#982=CIRCLE('',#2621,0.950000000000001);
#983=CIRCLE('',#2623,2.75);
#984=CIRCLE('',#2625,5.75);
#985=CIRCLE('',#2626,2.75);
#986=CIRCLE('',#2628,4.5);
#987=CIRCLE('',#2629,4.5);
#988=CIRCLE('',#2631,5.75);
#989=CIRCLE('',#2632,5.75);
#990=CIRCLE('',#2633,4.5);
#991=CIRCLE('',#2634,4.5);
#992=CIRCLE('',#2635,5.75);
#993=CIRCLE('',#2636,5.75);
#994=CIRCLE('',#2637,5.75);
#995=CIRCLE('',#2638,4.5);
#996=CIRCLE('',#2641,2.75);
#997=CIRCLE('',#2645,2.75);
#998=CIRCLE('',#2648,4.5);
#999=CIRCLE('',#2651,2.75);
#1000=CIRCLE('',#2656,4.5);
#1001=CIRCLE('',#2658,4.5);
#1002=CIRCLE('',#2662,2.75);
#1003=CIRCLE('',#2663,1.);
#1004=CIRCLE('',#2664,3.75);
#1005=CIRCLE('',#2665,2.75);
#1006=CIRCLE('',#2668,2.75);
#1007=CIRCLE('',#2671,1.75);
#1008=CIRCLE('',#2675,1.75);
#1009=CIRCLE('',#2676,1.75);
#1010=CIRCLE('',#2677,1.75);
#1011=CIRCLE('',#2681,3.50000000000002);
#1012=CIRCLE('',#2682,4.74000000000002);
#1013=CIRCLE('',#2686,3.50000000000002);
#1014=CIRCLE('',#2690,4.74000000000002);
#1015=CIRCLE('',#2691,3.50000000000002);
#1016=CIRCLE('',#2696,4.74000000000002);
#1017=CIRCLE('',#2697,3.50000000000002);
#1018=CIRCLE('',#2702,3.50000000000002);
#1019=CIRCLE('',#2706,4.74000000000002);
#1020=CIRCLE('',#2707,3.50000000000002);
#1021=CIRCLE('',#2711,3.50000000000002);
#1022=CIRCLE('',#2714,3.5);
#1023=CIRCLE('',#2715,3.);
#1024=CIRCLE('',#2716,1.6);
#1025=CIRCLE('',#2717,1.6);
#1026=CIRCLE('',#2719,2.99999999999999);
#1027=CIRCLE('',#2720,3.5);
#1028=CIRCLE('',#2721,1.6);
#1029=CIRCLE('',#2722,1.6);
#1030=CIRCLE('',#2723,1.6);
#1031=CIRCLE('',#2728,3.50000000000002);
#1032=CIRCLE('',#2732,3.5);
#1033=CIRCLE('',#2733,3.5);
#1034=CIRCLE('',#2734,3.5);
#1035=CIRCLE('',#2735,3.5);
#1036=CIRCLE('',#2743,1.6);
#1037=CIRCLE('',#2744,1.6);
#1038=CIRCLE('',#2749,3.);
#1039=CIRCLE('',#2751,1.6);
#1040=CIRCLE('',#2752,1.6);
#1041=CIRCLE('',#2753,1.6);
#1042=CIRCLE('',#2756,3.);
#1043=CIRCLE('',#2757,3.5);
#1044=CIRCLE('',#2758,1.6);
#1045=CIRCLE('',#2759,1.6);
#1046=CIRCLE('',#2760,1.6);
#1047=CIRCLE('',#2764,1.6);
#1048=CIRCLE('',#2765,1.6);
#1049=CIRCLE('',#2776,3.);
#1050=CIRCLE('',#2779,1.6);
#1051=CIRCLE('',#2780,1.6);
#1052=CIRCLE('',#2782,1.6);
#1053=CIRCLE('',#2783,1.6);
#1054=CIRCLE('',#2785,1.6);
#1055=CIRCLE('',#2786,1.6);
#1056=CIRCLE('',#2788,3.);
#1057=CIRCLE('',#2789,3.5);
#1058=CIRCLE('',#2790,1.6);
#1059=CIRCLE('',#2794,1.6);
#1060=CIRCLE('',#2798,3.);
#1061=CIRCLE('',#2800,2.99999999999999);
#1062=CIRCLE('',#2808,0.4);
#1063=CIRCLE('',#2809,0.4);
#1064=CIRCLE('',#2812,0.4);
#1065=CIRCLE('',#2813,1.5);
#1066=CIRCLE('',#2814,1.5);
#1067=CIRCLE('',#2815,1.5);
#1068=CIRCLE('',#2816,0.4);
#1069=CIRCLE('',#2817,0.4);
#1070=CIRCLE('',#2819,0.4);
#1071=CIRCLE('',#2822,0.4);
#1072=CIRCLE('',#2825,0.4);
#1073=CIRCLE('',#2834,1.5);
#1074=CIRCLE('',#2837,1.5);
#1075=VERTEX_POINT('',#3589);
#1076=VERTEX_POINT('',#3591);
#1077=VERTEX_POINT('',#3595);
#1078=VERTEX_POINT('',#3599);
#1079=VERTEX_POINT('',#3602);
#1080=VERTEX_POINT('',#3604);
#1081=VERTEX_POINT('',#3608);
#1082=VERTEX_POINT('',#3612);
#1083=VERTEX_POINT('',#3615);
#1084=VERTEX_POINT('',#3617);
#1085=VERTEX_POINT('',#3621);
#1086=VERTEX_POINT('',#3625);
#1087=VERTEX_POINT('',#3628);
#1088=VERTEX_POINT('',#3630);
#1089=VERTEX_POINT('',#3634);
#1090=VERTEX_POINT('',#3638);
#1091=VERTEX_POINT('',#3641);
#1092=VERTEX_POINT('',#3642);
#1093=VERTEX_POINT('',#3646);
#1094=VERTEX_POINT('',#3648);
#1095=VERTEX_POINT('',#3659);
#1096=VERTEX_POINT('',#3662);
#1097=VERTEX_POINT('',#3675);
#1098=VERTEX_POINT('',#3677);
#1099=VERTEX_POINT('',#3679);
#1100=VERTEX_POINT('',#3683);
#1101=VERTEX_POINT('',#3685);
#1102=VERTEX_POINT('',#3687);
#1103=VERTEX_POINT('',#3689);
#1104=VERTEX_POINT('',#3691);
#1105=VERTEX_POINT('',#3693);
#1106=VERTEX_POINT('',#3695);
#1107=VERTEX_POINT('',#3697);
#1108=VERTEX_POINT('',#3699);
#1109=VERTEX_POINT('',#3701);
#1110=VERTEX_POINT('',#3703);
#1111=VERTEX_POINT('',#3705);
#1112=VERTEX_POINT('',#3707);
#1113=VERTEX_POINT('',#3709);
#1114=VERTEX_POINT('',#3711);
#1115=VERTEX_POINT('',#3717);
#1116=VERTEX_POINT('',#3719);
#1117=VERTEX_POINT('',#3731);
#1118=VERTEX_POINT('',#3735);
#1119=VERTEX_POINT('',#3748);
#1120=VERTEX_POINT('',#3752);
#1121=VERTEX_POINT('',#3754);
#1122=VERTEX_POINT('',#3756);
#1123=VERTEX_POINT('',#3758);
#1124=VERTEX_POINT('',#3760);
#1125=VERTEX_POINT('',#3762);
#1126=VERTEX_POINT('',#3764);
#1127=VERTEX_POINT('',#3766);
#1128=VERTEX_POINT('',#3772);
#1129=VERTEX_POINT('',#3775);
#1130=VERTEX_POINT('',#3794);
#1131=VERTEX_POINT('',#3798);
#1132=VERTEX_POINT('',#3804);
#1133=VERTEX_POINT('',#3807);
#1134=VERTEX_POINT('',#3811);
#1135=VERTEX_POINT('',#3830);
#1136=VERTEX_POINT('',#3832);
#1137=VERTEX_POINT('',#3836);
#1138=VERTEX_POINT('',#3838);
#1139=VERTEX_POINT('',#3840);
#1140=VERTEX_POINT('',#3842);
#1141=VERTEX_POINT('',#3844);
#1142=VERTEX_POINT('',#3846);
#1143=VERTEX_POINT('',#3848);
#1144=VERTEX_POINT('',#3854);
#1145=VERTEX_POINT('',#3858);
#1146=VERTEX_POINT('',#3860);
#1147=VERTEX_POINT('',#3868);
#1148=VERTEX_POINT('',#3869);
#1149=VERTEX_POINT('',#3871);
#1150=VERTEX_POINT('',#3873);
#1151=VERTEX_POINT('',#3880);
#1152=VERTEX_POINT('',#3890);
#1153=VERTEX_POINT('',#3892);
#1154=VERTEX_POINT('',#3894);
#1155=VERTEX_POINT('',#3896);
#1156=VERTEX_POINT('',#3898);
#1157=VERTEX_POINT('',#3900);
#1158=VERTEX_POINT('',#3902);
#1159=VERTEX_POINT('',#3904);
#1160=VERTEX_POINT('',#3908);
#1161=VERTEX_POINT('',#3912);
#1162=VERTEX_POINT('',#3913);
#1163=VERTEX_POINT('',#3915);
#1164=VERTEX_POINT('',#3917);
#1165=VERTEX_POINT('',#3921);
#1166=VERTEX_POINT('',#3923);
#1167=VERTEX_POINT('',#3927);
#1168=VERTEX_POINT('',#3928);
#1169=VERTEX_POINT('',#3935);
#1170=VERTEX_POINT('',#3937);
#1171=VERTEX_POINT('',#3943);
#1172=VERTEX_POINT('',#3945);
#1173=VERTEX_POINT('',#3949);
#1174=VERTEX_POINT('',#3950);
#1175=VERTEX_POINT('',#3955);
#1176=VERTEX_POINT('',#3956);
#1177=VERTEX_POINT('',#3961);
#1178=VERTEX_POINT('',#3965);
#1179=VERTEX_POINT('',#3969);
#1180=VERTEX_POINT('',#3973);
#1181=VERTEX_POINT('',#3975);
#1182=VERTEX_POINT('',#3979);
#1183=VERTEX_POINT('',#3980);
#1184=VERTEX_POINT('',#3985);
#1185=VERTEX_POINT('',#3986);
#1186=VERTEX_POINT('',#3991);
#1187=VERTEX_POINT('',#3995);
#1188=VERTEX_POINT('',#3997);
#1189=VERTEX_POINT('',#4001);
#1190=VERTEX_POINT('',#4002);
#1191=VERTEX_POINT('',#4007);
#1192=VERTEX_POINT('',#4008);
#1193=VERTEX_POINT('',#4013);
#1194=VERTEX_POINT('',#4016);
#1195=VERTEX_POINT('',#4019);
#1196=VERTEX_POINT('',#4023);
#1197=VERTEX_POINT('',#4027);
#1198=VERTEX_POINT('',#4033);
#1199=VERTEX_POINT('',#4034);
#1200=VERTEX_POINT('',#4036);
#1201=VERTEX_POINT('',#4038);
#1202=VERTEX_POINT('',#4042);
#1203=VERTEX_POINT('',#4043);
#1204=VERTEX_POINT('',#4051);
#1205=VERTEX_POINT('',#4055);
#1206=VERTEX_POINT('',#4059);
#1207=VERTEX_POINT('',#4063);
#1208=VERTEX_POINT('',#4064);
#1209=VERTEX_POINT('',#4066);
#1210=VERTEX_POINT('',#4068);
#1211=VERTEX_POINT('',#4070);
#1212=VERTEX_POINT('',#4072);
#1213=VERTEX_POINT('',#4075);
#1214=VERTEX_POINT('',#4076);
#1215=VERTEX_POINT('',#4080);
#1216=VERTEX_POINT('',#4081);
#1217=VERTEX_POINT('',#4084);
#1218=VERTEX_POINT('',#4086);
#1219=VERTEX_POINT('',#4089);
#1220=VERTEX_POINT('',#4090);
#1221=VERTEX_POINT('',#4092);
#1222=VERTEX_POINT('',#4096);
#1223=VERTEX_POINT('',#4099);
#1224=VERTEX_POINT('',#4106);
#1225=VERTEX_POINT('',#4110);
#1226=VERTEX_POINT('',#4116);
#1227=VERTEX_POINT('',#4118);
#1228=VERTEX_POINT('',#4122);
#1229=VERTEX_POINT('',#4124);
#1230=VERTEX_POINT('',#4126);
#1231=VERTEX_POINT('',#4128);
#1232=VERTEX_POINT('',#4130);
#1233=VERTEX_POINT('',#4132);
#1234=VERTEX_POINT('',#4134);
#1235=VERTEX_POINT('',#4136);
#1236=VERTEX_POINT('',#4138);
#1237=VERTEX_POINT('',#4140);
#1238=VERTEX_POINT('',#4142);
#1239=VERTEX_POINT('',#4144);
#1240=VERTEX_POINT('',#4146);
#1241=VERTEX_POINT('',#4148);
#1242=VERTEX_POINT('',#4152);
#1243=VERTEX_POINT('',#4157);
#1244=VERTEX_POINT('',#4160);
#1245=VERTEX_POINT('',#4162);
#1246=VERTEX_POINT('',#4166);
#1247=VERTEX_POINT('',#4167);
#1248=VERTEX_POINT('',#4169);
#1249=VERTEX_POINT('',#4171);
#1250=VERTEX_POINT('',#4173);
#1251=VERTEX_POINT('',#4175);
#1252=VERTEX_POINT('',#4177);
#1253=VERTEX_POINT('',#4179);
#1254=VERTEX_POINT('',#4183);
#1255=VERTEX_POINT('',#4184);
#1256=VERTEX_POINT('',#4186);
#1257=VERTEX_POINT('',#4188);
#1258=VERTEX_POINT('',#4190);
#1259=VERTEX_POINT('',#4192);
#1260=VERTEX_POINT('',#4198);
#1261=VERTEX_POINT('',#4203);
#1262=VERTEX_POINT('',#4206);
#1263=VERTEX_POINT('',#4208);
#1264=VERTEX_POINT('',#4221);
#1265=VERTEX_POINT('',#4223);
#1266=VERTEX_POINT('',#4225);
#1267=VERTEX_POINT('',#4228);
#1268=VERTEX_POINT('',#4233);
#1269=VERTEX_POINT('',#4238);
#1270=VERTEX_POINT('',#4241);
#1271=VERTEX_POINT('',#4242);
#1272=VERTEX_POINT('',#4244);
#1273=VERTEX_POINT('',#4252);
#1274=VERTEX_POINT('',#4255);
#1275=VERTEX_POINT('',#4257);
#1276=VERTEX_POINT('',#4275);
#1277=VERTEX_POINT('',#4276);
#1278=VERTEX_POINT('',#4278);
#1279=VERTEX_POINT('',#4280);
#1280=VERTEX_POINT('',#4284);
#1281=VERTEX_POINT('',#4285);
#1282=VERTEX_POINT('',#4287);
#1283=VERTEX_POINT('',#4289);
#1284=VERTEX_POINT('',#4297);
#1285=VERTEX_POINT('',#4320);
#1286=VERTEX_POINT('',#4321);
#1287=VERTEX_POINT('',#4323);
#1288=VERTEX_POINT('',#4325);
#1289=VERTEX_POINT('',#4329);
#1290=VERTEX_POINT('',#4331);
#1291=VERTEX_POINT('',#4335);
#1292=VERTEX_POINT('',#4337);
#1293=VERTEX_POINT('',#4339);
#1294=VERTEX_POINT('',#4341);
#1295=VERTEX_POINT('',#4343);
#1296=VERTEX_POINT('',#4345);
#1297=VERTEX_POINT('',#4347);
#1298=VERTEX_POINT('',#4349);
#1299=VERTEX_POINT('',#4351);
#1300=VERTEX_POINT('',#4353);
#1301=VERTEX_POINT('',#4355);
#1302=VERTEX_POINT('',#4358);
#1303=VERTEX_POINT('',#4360);
#1304=VERTEX_POINT('',#4362);
#1305=VERTEX_POINT('',#4366);
#1306=VERTEX_POINT('',#4370);
#1307=VERTEX_POINT('',#4374);
#1308=VERTEX_POINT('',#4378);
#1309=VERTEX_POINT('',#4382);
#1310=VERTEX_POINT('',#4388);
#1311=VERTEX_POINT('',#4390);
#1312=VERTEX_POINT('',#4394);
#1313=VERTEX_POINT('',#4398);
#1314=VERTEX_POINT('',#4402);
#1315=VERTEX_POINT('',#4406);
#1316=VERTEX_POINT('',#4412);
#1317=VERTEX_POINT('',#4418);
#1318=EDGE_CURVE('',#1075,#1075,#968,.T.);
#1319=EDGE_CURVE('',#1075,#1076,#472,.T.);
#1320=EDGE_CURVE('',#1076,#1076,#969,.T.);
#1321=EDGE_CURVE('',#1076,#1077,#473,.T.);
#1322=EDGE_CURVE('',#1077,#1077,#970,.T.);
#1323=EDGE_CURVE('',#1078,#1078,#971,.T.);
#1324=EDGE_CURVE('',#1079,#1079,#972,.T.);
#1325=EDGE_CURVE('',#1079,#1080,#474,.T.);
#1326=EDGE_CURVE('',#1080,#1080,#973,.T.);
#1327=EDGE_CURVE('',#1080,#1081,#475,.T.);
#1328=EDGE_CURVE('',#1081,#1081,#974,.T.);
#1329=EDGE_CURVE('',#1082,#1082,#975,.T.);
#1330=EDGE_CURVE('',#1083,#1083,#976,.T.);
#1331=EDGE_CURVE('',#1083,#1084,#476,.T.);
#1332=EDGE_CURVE('',#1084,#1084,#977,.T.);
#1333=EDGE_CURVE('',#1084,#1085,#477,.T.);
#1334=EDGE_CURVE('',#1085,#1085,#978,.T.);
#1335=EDGE_CURVE('',#1086,#1086,#979,.T.);
#1336=EDGE_CURVE('',#1087,#1087,#980,.T.);
#1337=EDGE_CURVE('',#1087,#1088,#478,.T.);
#1338=EDGE_CURVE('',#1088,#1088,#981,.T.);
#1339=EDGE_CURVE('',#1088,#1089,#479,.T.);
#1340=EDGE_CURVE('',#1089,#1089,#982,.T.);
#1341=EDGE_CURVE('',#1090,#1090,#983,.T.);
#1342=EDGE_CURVE('',#1091,#1092,#36,.T.);
#1343=EDGE_CURVE('',#1091,#1093,#984,.T.);
#1344=EDGE_CURVE('',#1093,#1094,#28,.T.);
#1345=EDGE_CURVE('',#1094,#1095,#480,.T.);
#1346=EDGE_CURVE('',#1095,#1095,#985,.T.);
#1347=EDGE_CURVE('',#1094,#1096,#29,.T.);
#1348=EDGE_CURVE('',#1092,#1096,#37,.T.);
#1349=EDGE_CURVE('',#1097,#1093,#986,.T.);
#1350=EDGE_CURVE('',#1097,#1098,#481,.T.);
#1351=EDGE_CURVE('',#1099,#1098,#987,.T.);
#1352=EDGE_CURVE('',#1096,#1099,#482,.T.);
#1353=EDGE_CURVE('',#1091,#1100,#483,.T.);
#1354=EDGE_CURVE('',#1101,#1100,#988,.T.);
#1355=EDGE_CURVE('',#1102,#1101,#989,.T.);
#1356=EDGE_CURVE('',#1102,#1103,#990,.T.);
#1357=EDGE_CURVE('',#1103,#1104,#484,.T.);
#1358=EDGE_CURVE('',#1104,#1105,#485,.T.);
#1359=EDGE_CURVE('',#1105,#1106,#486,.T.);
#1360=EDGE_CURVE('',#1106,#1107,#991,.T.);
#1361=EDGE_CURVE('',#1108,#1107,#992,.T.);
#1362=EDGE_CURVE('',#1109,#1108,#993,.T.);
#1363=EDGE_CURVE('',#1109,#1110,#487,.T.);
#1364=EDGE_CURVE('',#1111,#1110,#994,.T.);
#1365=EDGE_CURVE('',#1111,#1112,#995,.T.);
#1366=EDGE_CURVE('',#1112,#1113,#488,.T.);
#1367=EDGE_CURVE('',#1113,#1114,#489,.T.);
#1368=EDGE_CURVE('',#1114,#1097,#490,.T.);
#1369=EDGE_CURVE('',#1086,#1095,#491,.T.);
#1370=EDGE_CURVE('',#1115,#1115,#996,.T.);
#1371=EDGE_CURVE('',#1115,#1116,#492,.T.);
#1372=EDGE_CURVE('',#1116,#1111,#30,.T.);
#1373=EDGE_CURVE('',#1117,#1110,#38,.T.);
#1374=EDGE_CURVE('',#1118,#1117,#39,.T.);
#1375=EDGE_CURVE('',#1118,#1116,#31,.T.);
#1376=EDGE_CURVE('',#1109,#1119,#40,.T.);
#1377=EDGE_CURVE('',#1119,#1120,#493,.T.);
#1378=EDGE_CURVE('',#1120,#1121,#494,.T.);
#1379=EDGE_CURVE('',#1121,#1122,#495,.T.);
#1380=EDGE_CURVE('',#1122,#1123,#496,.T.);
#1381=EDGE_CURVE('',#1124,#1123,#497,.T.);
#1382=EDGE_CURVE('',#1124,#1125,#498,.T.);
#1383=EDGE_CURVE('',#1125,#1126,#499,.T.);
#1384=EDGE_CURVE('',#1126,#1127,#500,.T.);
#1385=EDGE_CURVE('',#1127,#1117,#501,.T.);
#1386=EDGE_CURVE('',#1090,#1115,#502,.T.);
#1387=EDGE_CURVE('',#1128,#1128,#997,.T.);
#1388=EDGE_CURVE('',#1128,#1108,#503,.T.);
#1389=EDGE_CURVE('',#1107,#1129,#32,.T.);
#1390=EDGE_CURVE('',#1119,#1129,#41,.T.);
#1391=EDGE_CURVE('',#1129,#1130,#504,.T.);
#1392=EDGE_CURVE('',#1120,#1130,#505,.T.);
#1393=EDGE_CURVE('',#1106,#1131,#506,.T.);
#1394=EDGE_CURVE('',#1130,#1131,#998,.T.);
#1395=EDGE_CURVE('',#1078,#1128,#507,.T.);
#1396=EDGE_CURVE('',#1132,#1132,#999,.T.);
#1397=EDGE_CURVE('',#1132,#1101,#508,.T.);
#1398=EDGE_CURVE('',#1133,#1100,#42,.T.);
#1399=EDGE_CURVE('',#1134,#1133,#43,.T.);
#1400=EDGE_CURVE('',#1134,#1102,#33,.T.);
#1401=EDGE_CURVE('',#1135,#1133,#509,.T.);
#1402=EDGE_CURVE('',#1135,#1136,#510,.T.);
#1403=EDGE_CURVE('',#1134,#1136,#511,.T.);
#1404=EDGE_CURVE('',#1092,#1137,#512,.T.);
#1405=EDGE_CURVE('',#1137,#1138,#513,.T.);
#1406=EDGE_CURVE('',#1138,#1139,#514,.T.);
#1407=EDGE_CURVE('',#1139,#1140,#515,.T.);
#1408=EDGE_CURVE('',#1141,#1140,#516,.T.);
#1409=EDGE_CURVE('',#1141,#1142,#517,.T.);
#1410=EDGE_CURVE('',#1142,#1143,#518,.T.);
#1411=EDGE_CURVE('',#1143,#1135,#519,.T.);
#1412=EDGE_CURVE('',#1082,#1132,#520,.T.);
#1413=EDGE_CURVE('',#1136,#1144,#1000,.T.);
#1414=EDGE_CURVE('',#1103,#1144,#521,.T.);
#1415=EDGE_CURVE('',#1118,#1145,#522,.T.);
#1416=EDGE_CURVE('',#1145,#1146,#1001,.T.);
#1417=EDGE_CURVE('',#1112,#1146,#523,.T.);
#1418=EDGE_CURVE('',#1127,#1145,#524,.T.);
#1419=EDGE_CURVE('',#1137,#1099,#525,.T.);
#1420=EDGE_CURVE('',#1147,#1148,#1002,.T.);
#1421=EDGE_CURVE('',#1148,#1149,#1003,.T.);
#1422=EDGE_CURVE('',#1150,#1149,#34,.F.);
#1423=EDGE_CURVE('',#1150,#1151,#1004,.T.);
#1424=EDGE_CURVE('',#1149,#1151,#35,.F.);
#1425=EDGE_CURVE('',#1148,#1147,#1005,.T.);
#1426=EDGE_CURVE('',#1152,#1150,#526,.T.);
#1427=EDGE_CURVE('',#1153,#1152,#527,.T.);
#1428=EDGE_CURVE('',#1153,#1154,#528,.T.);
#1429=EDGE_CURVE('',#1154,#1155,#529,.T.);
#1430=EDGE_CURVE('',#1156,#1155,#530,.T.);
#1431=EDGE_CURVE('',#1156,#1157,#531,.T.);
#1432=EDGE_CURVE('',#1157,#1158,#532,.T.);
#1433=EDGE_CURVE('',#1159,#1158,#533,.T.);
#1434=EDGE_CURVE('',#1151,#1159,#534,.T.);
#1435=EDGE_CURVE('',#1160,#1160,#1006,.T.);
#1436=EDGE_CURVE('',#1160,#1147,#535,.T.);
#1437=EDGE_CURVE('',#1161,#1162,#536,.T.);
#1438=EDGE_CURVE('',#1163,#1161,#537,.T.);
#1439=EDGE_CURVE('',#1163,#1164,#538,.T.);
#1440=EDGE_CURVE('',#1162,#1164,#539,.T.);
#1441=EDGE_CURVE('',#1164,#1165,#1007,.T.);
#1442=EDGE_CURVE('',#1166,#1163,#540,.T.);
#1443=EDGE_CURVE('',#1165,#1166,#541,.T.);
#1444=EDGE_CURVE('',#1167,#1168,#542,.T.);
#1445=EDGE_CURVE('',#1165,#1167,#543,.T.);
#1446=EDGE_CURVE('',#1166,#1168,#544,.T.);
#1447=EDGE_CURVE('',#1168,#1161,#545,.T.);
#1448=EDGE_CURVE('',#1169,#1169,#1008,.T.);
#1449=EDGE_CURVE('',#1169,#1170,#546,.T.);
#1450=EDGE_CURVE('',#1162,#1170,#1009,.T.);
#1451=EDGE_CURVE('',#1170,#1167,#1010,.T.);
#1452=EDGE_CURVE('',#1121,#1171,#547,.T.);
#1453=EDGE_CURVE('',#1171,#1172,#548,.T.);
#1454=EDGE_CURVE('',#1172,#1122,#549,.T.);
#1455=EDGE_CURVE('',#1173,#1174,#550,.T.);
#1456=EDGE_CURVE('',#1174,#1172,#1011,.T.);
#1457=EDGE_CURVE('',#1171,#1173,#1012,.T.);
#1458=EDGE_CURVE('',#1175,#1176,#551,.T.);
#1459=EDGE_CURVE('',#1175,#1174,#552,.T.);
#1460=EDGE_CURVE('',#1173,#1176,#553,.T.);
#1461=EDGE_CURVE('',#1172,#1177,#554,.T.);
#1462=EDGE_CURVE('',#1177,#1123,#555,.T.);
#1463=EDGE_CURVE('',#1174,#1178,#556,.T.);
#1464=EDGE_CURVE('',#1178,#1177,#1013,.T.);
#1465=EDGE_CURVE('',#1179,#1175,#557,.T.);
#1466=EDGE_CURVE('',#1179,#1178,#558,.T.);
#1467=EDGE_CURVE('',#1125,#1180,#559,.T.);
#1468=EDGE_CURVE('',#1180,#1181,#560,.T.);
#1469=EDGE_CURVE('',#1181,#1126,#561,.T.);
#1470=EDGE_CURVE('',#1182,#1183,#562,.T.);
#1471=EDGE_CURVE('',#1183,#1181,#1014,.T.);
#1472=EDGE_CURVE('',#1180,#1182,#1015,.T.);
#1473=EDGE_CURVE('',#1184,#1185,#563,.T.);
#1474=EDGE_CURVE('',#1184,#1183,#564,.T.);
#1475=EDGE_CURVE('',#1182,#1185,#565,.T.);
#1476=EDGE_CURVE('',#1186,#1184,#566,.T.);
#1477=EDGE_CURVE('',#1146,#1186,#567,.T.);
#1478=EDGE_CURVE('',#1142,#1187,#568,.T.);
#1479=EDGE_CURVE('',#1187,#1188,#569,.T.);
#1480=EDGE_CURVE('',#1188,#1143,#570,.T.);
#1481=EDGE_CURVE('',#1189,#1190,#571,.T.);
#1482=EDGE_CURVE('',#1190,#1188,#1016,.T.);
#1483=EDGE_CURVE('',#1187,#1189,#1017,.T.);
#1484=EDGE_CURVE('',#1191,#1192,#572,.T.);
#1485=EDGE_CURVE('',#1191,#1190,#573,.T.);
#1486=EDGE_CURVE('',#1189,#1192,#574,.T.);
#1487=EDGE_CURVE('',#1176,#1193,#575,.T.);
#1488=EDGE_CURVE('',#1193,#1105,#576,.T.);
#1489=EDGE_CURVE('',#1104,#1194,#577,.T.);
#1490=EDGE_CURVE('',#1194,#1191,#578,.T.);
#1491=EDGE_CURVE('',#1192,#1195,#579,.T.);
#1492=EDGE_CURVE('',#1179,#1195,#580,.T.);
#1493=EDGE_CURVE('',#1189,#1196,#581,.T.);
#1494=EDGE_CURVE('',#1195,#1196,#582,.T.);
#1495=EDGE_CURVE('',#1187,#1197,#583,.T.);
#1496=EDGE_CURVE('',#1196,#1197,#1018,.T.);
#1497=EDGE_CURVE('',#1197,#1141,#584,.T.);
#1498=EDGE_CURVE('',#1198,#1199,#585,.T.);
#1499=EDGE_CURVE('',#1198,#1200,#586,.T.);
#1500=EDGE_CURVE('',#1200,#1201,#587,.T.);
#1501=EDGE_CURVE('',#1201,#1199,#588,.T.);
#1502=EDGE_CURVE('',#1202,#1203,#589,.T.);
#1503=EDGE_CURVE('',#1203,#1201,#1019,.T.);
#1504=EDGE_CURVE('',#1200,#1202,#1020,.T.);
#1505=EDGE_CURVE('',#1138,#1203,#590,.T.);
#1506=EDGE_CURVE('',#1202,#1139,#591,.T.);
#1507=EDGE_CURVE('',#1202,#1204,#592,.T.);
#1508=EDGE_CURVE('',#1204,#1140,#593,.T.);
#1509=EDGE_CURVE('',#1200,#1205,#594,.T.);
#1510=EDGE_CURVE('',#1205,#1204,#1021,.T.);
#1511=EDGE_CURVE('',#1206,#1198,#595,.T.);
#1512=EDGE_CURVE('',#1206,#1205,#596,.T.);
#1513=EDGE_CURVE('',#1207,#1208,#597,.T.);
#1514=EDGE_CURVE('',#1207,#1209,#598,.T.);
#1515=EDGE_CURVE('',#1209,#1210,#1022,.T.);
#1516=EDGE_CURVE('',#1210,#1211,#599,.T.);
#1517=EDGE_CURVE('',#1212,#1211,#600,.T.);
#1518=EDGE_CURVE('',#1208,#1212,#1023,.T.);
#1519=EDGE_CURVE('',#1213,#1214,#1024,.T.);
#1520=EDGE_CURVE('',#1214,#1213,#1025,.T.);
#1521=EDGE_CURVE('',#1215,#1216,#601,.T.);
#1522=EDGE_CURVE('',#1158,#1215,#1026,.T.);
#1523=EDGE_CURVE('',#1217,#1157,#602,.T.);
#1524=EDGE_CURVE('',#1218,#1217,#1027,.T.);
#1525=EDGE_CURVE('',#1216,#1218,#603,.T.);
#1526=EDGE_CURVE('',#1219,#1220,#1028,.T.);
#1527=EDGE_CURVE('',#1221,#1219,#1029,.T.);
#1528=EDGE_CURVE('',#1220,#1221,#1030,.T.);
#1529=EDGE_CURVE('',#1185,#1222,#604,.T.);
#1530=EDGE_CURVE('',#1206,#1222,#605,.T.);
#1531=EDGE_CURVE('',#1199,#1223,#606,.T.);
#1532=EDGE_CURVE('',#1223,#1114,#607,.T.);
#1533=EDGE_CURVE('',#1113,#1186,#608,.T.);
#1534=EDGE_CURVE('',#1098,#1223,#609,.T.);
#1535=EDGE_CURVE('',#1224,#1124,#610,.T.);
#1536=EDGE_CURVE('',#1180,#1224,#611,.T.);
#1537=EDGE_CURVE('',#1225,#1224,#1031,.T.);
#1538=EDGE_CURVE('',#1182,#1225,#612,.T.);
#1539=EDGE_CURVE('',#1222,#1225,#613,.T.);
#1540=EDGE_CURVE('',#1226,#1156,#614,.T.);
#1541=EDGE_CURVE('',#1227,#1226,#615,.T.);
#1542=EDGE_CURVE('',#1227,#1217,#616,.T.);
#1543=EDGE_CURVE('',#1228,#1226,#617,.T.);
#1544=EDGE_CURVE('',#1228,#1229,#618,.T.);
#1545=EDGE_CURVE('',#1229,#1230,#1032,.T.);
#1546=EDGE_CURVE('',#1230,#1231,#619,.T.);
#1547=EDGE_CURVE('',#1232,#1231,#620,.T.);
#1548=EDGE_CURVE('',#1232,#1233,#621,.T.);
#1549=EDGE_CURVE('',#1233,#1234,#1033,.T.);
#1550=EDGE_CURVE('',#1234,#1235,#622,.T.);
#1551=EDGE_CURVE('',#1236,#1235,#623,.T.);
#1552=EDGE_CURVE('',#1236,#1237,#624,.T.);
#1553=EDGE_CURVE('',#1237,#1238,#1034,.T.);
#1554=EDGE_CURVE('',#1238,#1239,#625,.T.);
#1555=EDGE_CURVE('',#1240,#1239,#626,.T.);
#1556=EDGE_CURVE('',#1240,#1241,#627,.T.);
#1557=EDGE_CURVE('',#1241,#1227,#1035,.T.);
#1558=EDGE_CURVE('',#1242,#1240,#628,.T.);
#1559=EDGE_CURVE('',#1216,#1242,#629,.T.);
#1560=EDGE_CURVE('',#1241,#1218,#630,.T.);
#1561=EDGE_CURVE('',#1243,#1242,#631,.T.);
#1562=EDGE_CURVE('',#1243,#1207,#632,.T.);
#1563=EDGE_CURVE('',#1208,#1244,#633,.T.);
#1564=EDGE_CURVE('',#1245,#1244,#634,.T.);
#1565=EDGE_CURVE('',#1215,#1245,#635,.T.);
#1566=EDGE_CURVE('',#1246,#1247,#636,.T.);
#1567=EDGE_CURVE('',#1246,#1248,#637,.T.);
#1568=EDGE_CURVE('',#1248,#1249,#638,.T.);
#1569=EDGE_CURVE('',#1249,#1250,#639,.T.);
#1570=EDGE_CURVE('',#1251,#1250,#640,.T.);
#1571=EDGE_CURVE('',#1252,#1251,#641,.T.);
#1572=EDGE_CURVE('',#1252,#1253,#642,.T.);
#1573=EDGE_CURVE('',#1253,#1247,#643,.T.);
#1574=EDGE_CURVE('',#1254,#1255,#644,.T.);
#1575=EDGE_CURVE('',#1254,#1256,#645,.T.);
#1576=EDGE_CURVE('',#1256,#1257,#646,.T.);
#1577=EDGE_CURVE('',#1257,#1258,#647,.T.);
#1578=EDGE_CURVE('',#1259,#1258,#648,.T.);
#1579=EDGE_CURVE('',#1212,#1259,#649,.T.);
#1580=EDGE_CURVE('',#1211,#1255,#650,.T.);
#1581=EDGE_CURVE('',#1247,#1232,#651,.T.);
#1582=EDGE_CURVE('',#1253,#1260,#652,.T.);
#1583=EDGE_CURVE('',#1233,#1260,#653,.T.);
#1584=EDGE_CURVE('',#1261,#1261,#1036,.T.);
#1585=EDGE_CURVE('',#1261,#1221,#654,.T.);
#1586=EDGE_CURVE('',#1219,#1262,#655,.T.);
#1587=EDGE_CURVE('',#1262,#1263,#1037,.T.);
#1588=EDGE_CURVE('',#1220,#1263,#656,.T.);
#1589=EDGE_CURVE('',#1255,#1236,#657,.T.);
#1590=EDGE_CURVE('',#1237,#1210,#658,.T.);
#1591=EDGE_CURVE('',#1239,#1243,#659,.T.);
#1592=EDGE_CURVE('',#1238,#1209,#660,.T.);
#1593=EDGE_CURVE('',#1244,#1259,#1038,.T.);
#1594=EDGE_CURVE('',#1264,#1264,#1039,.T.);
#1595=EDGE_CURVE('',#1264,#1265,#661,.T.);
#1596=EDGE_CURVE('',#1266,#1265,#1040,.T.);
#1597=EDGE_CURVE('',#1214,#1266,#662,.T.);
#1598=EDGE_CURVE('',#1213,#1267,#663,.T.);
#1599=EDGE_CURVE('',#1265,#1267,#1041,.T.);
#1600=EDGE_CURVE('',#1231,#1246,#664,.T.);
#1601=EDGE_CURVE('',#1230,#1268,#665,.T.);
#1602=EDGE_CURVE('',#1248,#1268,#666,.T.);
#1603=EDGE_CURVE('',#1249,#1153,#1042,.T.);
#1604=EDGE_CURVE('',#1268,#1269,#1043,.T.);
#1605=EDGE_CURVE('',#1269,#1154,#667,.T.);
#1606=EDGE_CURVE('',#1270,#1271,#1044,.T.);
#1607=EDGE_CURVE('',#1272,#1270,#1045,.T.);
#1608=EDGE_CURVE('',#1271,#1272,#1046,.T.);
#1609=EDGE_CURVE('',#1155,#1228,#668,.T.);
#1610=EDGE_CURVE('',#1229,#1269,#669,.T.);
#1611=EDGE_CURVE('',#1273,#1273,#1047,.T.);
#1612=EDGE_CURVE('',#1273,#1271,#670,.T.);
#1613=EDGE_CURVE('',#1272,#1274,#671,.T.);
#1614=EDGE_CURVE('',#1275,#1274,#1048,.T.);
#1615=EDGE_CURVE('',#1270,#1275,#672,.T.);
#1616=EDGE_CURVE('',#1144,#1194,#673,.T.);
#1617=EDGE_CURVE('',#1235,#1254,#674,.T.);
#1618=EDGE_CURVE('',#1250,#1152,#1049,.T.);
#1619=EDGE_CURVE('',#1276,#1277,#675,.T.);
#1620=EDGE_CURVE('',#1278,#1277,#1050,.T.);
#1621=EDGE_CURVE('',#1278,#1279,#676,.T.);
#1622=EDGE_CURVE('',#1276,#1279,#1051,.T.);
#1623=EDGE_CURVE('',#1280,#1281,#677,.T.);
#1624=EDGE_CURVE('',#1282,#1281,#1052,.T.);
#1625=EDGE_CURVE('',#1283,#1282,#678,.T.);
#1626=EDGE_CURVE('',#1280,#1283,#1053,.T.);
#1627=EDGE_CURVE('',#1280,#1277,#1054,.T.);
#1628=EDGE_CURVE('',#1276,#1281,#1055,.T.);
#1629=EDGE_CURVE('',#1257,#1252,#1056,.T.);
#1630=EDGE_CURVE('',#1284,#1256,#679,.T.);
#1631=EDGE_CURVE('',#1260,#1284,#1057,.T.);
#1632=EDGE_CURVE('',#1278,#1283,#1058,.T.);
#1633=EDGE_CURVE('',#1234,#1284,#680,.T.);
#1634=EDGE_CURVE('',#1282,#1279,#1059,.T.);
#1635=EDGE_CURVE('',#1131,#1193,#681,.T.);
#1636=EDGE_CURVE('',#1258,#1251,#1060,.T.);
#1637=EDGE_CURVE('',#1159,#1245,#1061,.T.);
#1638=EDGE_CURVE('',#1285,#1286,#1062,.T.);
#1639=EDGE_CURVE('',#1286,#1287,#682,.T.);
#1640=EDGE_CURVE('',#1287,#1288,#1063,.T.);
#1641=EDGE_CURVE('',#1288,#1285,#683,.T.);
#1642=EDGE_CURVE('',#1289,#1286,#684,.T.);
#1643=EDGE_CURVE('',#1290,#1289,#685,.T.);
#1644=EDGE_CURVE('',#1290,#1287,#686,.T.);
#1645=EDGE_CURVE('',#1285,#1291,#687,.T.);
#1646=EDGE_CURVE('',#1292,#1291,#1064,.T.);
#1647=EDGE_CURVE('',#1292,#1293,#688,.T.);
#1648=EDGE_CURVE('',#1294,#1293,#1065,.T.);
#1649=EDGE_CURVE('',#1295,#1294,#689,.T.);
#1650=EDGE_CURVE('',#1296,#1295,#690,.T.);
#1651=EDGE_CURVE('',#1297,#1296,#691,.T.);
#1652=EDGE_CURVE('',#1298,#1297,#692,.T.);
#1653=EDGE_CURVE('',#1299,#1298,#693,.T.);
#1654=EDGE_CURVE('',#1300,#1299,#694,.T.);
#1655=EDGE_CURVE('',#1301,#1300,#1066,.T.);
#1656=EDGE_CURVE('',#1293,#1301,#1067,.T.);
#1657=EDGE_CURVE('',#1293,#1302,#695,.T.);
#1658=EDGE_CURVE('',#1303,#1302,#1068,.T.);
#1659=EDGE_CURVE('',#1303,#1304,#696,.T.);
#1660=EDGE_CURVE('',#1289,#1304,#1069,.T.);
#1661=EDGE_CURVE('',#1304,#1305,#697,.T.);
#1662=EDGE_CURVE('',#1305,#1290,#1070,.T.);
#1663=EDGE_CURVE('',#1306,#1303,#698,.T.);
#1664=EDGE_CURVE('',#1306,#1305,#699,.T.);
#1665=EDGE_CURVE('',#1302,#1307,#700,.T.);
#1666=EDGE_CURVE('',#1307,#1306,#1071,.T.);
#1667=EDGE_CURVE('',#1308,#1292,#701,.T.);
#1668=EDGE_CURVE('',#1308,#1307,#702,.T.);
#1669=EDGE_CURVE('',#1291,#1309,#703,.T.);
#1670=EDGE_CURVE('',#1309,#1308,#1072,.T.);
#1671=EDGE_CURVE('',#1288,#1309,#704,.T.);
#1672=EDGE_CURVE('',#1310,#1299,#705,.T.);
#1673=EDGE_CURVE('',#1310,#1311,#706,.T.);
#1674=EDGE_CURVE('',#1300,#1311,#707,.T.);
#1675=EDGE_CURVE('',#1312,#1298,#708,.T.);
#1676=EDGE_CURVE('',#1310,#1312,#709,.T.);
#1677=EDGE_CURVE('',#1297,#1313,#710,.T.);
#1678=EDGE_CURVE('',#1313,#1312,#711,.T.);
#1679=EDGE_CURVE('',#1314,#1296,#712,.T.);
#1680=EDGE_CURVE('',#1313,#1314,#713,.T.);
#1681=EDGE_CURVE('',#1295,#1315,#714,.T.);
#1682=EDGE_CURVE('',#1315,#1314,#715,.T.);
#1683=EDGE_CURVE('',#1315,#1312,#716,.T.);
#1684=EDGE_CURVE('',#1315,#1316,#717,.T.);
#1685=EDGE_CURVE('',#1311,#1316,#1073,.T.);
#1686=EDGE_CURVE('',#1316,#1294,#718,.T.);
#1687=EDGE_CURVE('',#1317,#1317,#1074,.T.);
#1688=EDGE_CURVE('',#1317,#1301,#719,.T.);
#1689=ORIENTED_EDGE('',*,*,#1318,.T.);
#1690=ORIENTED_EDGE('',*,*,#1319,.T.);
#1691=ORIENTED_EDGE('',*,*,#1320,.T.);
#1692=ORIENTED_EDGE('',*,*,#1319,.F.);
#1693=ORIENTED_EDGE('',*,*,#1320,.F.);
#1694=ORIENTED_EDGE('',*,*,#1321,.T.);
#1695=ORIENTED_EDGE('',*,*,#1322,.F.);
#1696=ORIENTED_EDGE('',*,*,#1321,.F.);
#1697=ORIENTED_EDGE('',*,*,#1323,.T.);
#1698=ORIENTED_EDGE('',*,*,#1318,.F.);
#1699=ORIENTED_EDGE('',*,*,#1324,.T.);
#1700=ORIENTED_EDGE('',*,*,#1325,.T.);
#1701=ORIENTED_EDGE('',*,*,#1326,.T.);
#1702=ORIENTED_EDGE('',*,*,#1325,.F.);
#1703=ORIENTED_EDGE('',*,*,#1326,.F.);
#1704=ORIENTED_EDGE('',*,*,#1327,.T.);
#1705=ORIENTED_EDGE('',*,*,#1328,.F.);
#1706=ORIENTED_EDGE('',*,*,#1327,.F.);
#1707=ORIENTED_EDGE('',*,*,#1329,.T.);
#1708=ORIENTED_EDGE('',*,*,#1324,.F.);
#1709=ORIENTED_EDGE('',*,*,#1330,.T.);
#1710=ORIENTED_EDGE('',*,*,#1331,.T.);
#1711=ORIENTED_EDGE('',*,*,#1332,.T.);
#1712=ORIENTED_EDGE('',*,*,#1331,.F.);
#1713=ORIENTED_EDGE('',*,*,#1332,.F.);
#1714=ORIENTED_EDGE('',*,*,#1333,.T.);
#1715=ORIENTED_EDGE('',*,*,#1334,.F.);
#1716=ORIENTED_EDGE('',*,*,#1333,.F.);
#1717=ORIENTED_EDGE('',*,*,#1335,.T.);
#1718=ORIENTED_EDGE('',*,*,#1330,.F.);
#1719=ORIENTED_EDGE('',*,*,#1336,.T.);
#1720=ORIENTED_EDGE('',*,*,#1337,.T.);
#1721=ORIENTED_EDGE('',*,*,#1338,.T.);
#1722=ORIENTED_EDGE('',*,*,#1337,.F.);
#1723=ORIENTED_EDGE('',*,*,#1338,.F.);
#1724=ORIENTED_EDGE('',*,*,#1339,.T.);
#1725=ORIENTED_EDGE('',*,*,#1340,.F.);
#1726=ORIENTED_EDGE('',*,*,#1339,.F.);
#1727=ORIENTED_EDGE('',*,*,#1341,.T.);
#1728=ORIENTED_EDGE('',*,*,#1336,.F.);
#1729=ORIENTED_EDGE('',*,*,#1342,.F.);
#1730=ORIENTED_EDGE('',*,*,#1343,.T.);
#1731=ORIENTED_EDGE('',*,*,#1344,.T.);
#1732=ORIENTED_EDGE('',*,*,#1345,.T.);
#1733=ORIENTED_EDGE('',*,*,#1346,.T.);
#1734=ORIENTED_EDGE('',*,*,#1345,.F.);
#1735=ORIENTED_EDGE('',*,*,#1347,.T.);
#1736=ORIENTED_EDGE('',*,*,#1348,.F.);
#1737=ORIENTED_EDGE('',*,*,#1344,.F.);
#1738=ORIENTED_EDGE('',*,*,#1349,.F.);
#1739=ORIENTED_EDGE('',*,*,#1350,.T.);
#1740=ORIENTED_EDGE('',*,*,#1351,.F.);
#1741=ORIENTED_EDGE('',*,*,#1352,.F.);
#1742=ORIENTED_EDGE('',*,*,#1347,.F.);
#1743=ORIENTED_EDGE('',*,*,#1343,.F.);
#1744=ORIENTED_EDGE('',*,*,#1353,.T.);
#1745=ORIENTED_EDGE('',*,*,#1354,.F.);
#1746=ORIENTED_EDGE('',*,*,#1355,.F.);
#1747=ORIENTED_EDGE('',*,*,#1356,.T.);
#1748=ORIENTED_EDGE('',*,*,#1357,.T.);
#1749=ORIENTED_EDGE('',*,*,#1358,.T.);
#1750=ORIENTED_EDGE('',*,*,#1359,.T.);
#1751=ORIENTED_EDGE('',*,*,#1360,.T.);
#1752=ORIENTED_EDGE('',*,*,#1361,.F.);
#1753=ORIENTED_EDGE('',*,*,#1362,.F.);
#1754=ORIENTED_EDGE('',*,*,#1363,.T.);
#1755=ORIENTED_EDGE('',*,*,#1364,.F.);
#1756=ORIENTED_EDGE('',*,*,#1365,.T.);
#1757=ORIENTED_EDGE('',*,*,#1366,.T.);
#1758=ORIENTED_EDGE('',*,*,#1367,.T.);
#1759=ORIENTED_EDGE('',*,*,#1368,.T.);
#1760=ORIENTED_EDGE('',*,*,#1349,.T.);
#1761=ORIENTED_EDGE('',*,*,#1335,.F.);
#1762=ORIENTED_EDGE('',*,*,#1369,.T.);
#1763=ORIENTED_EDGE('',*,*,#1346,.F.);
#1764=ORIENTED_EDGE('',*,*,#1369,.F.);
#1765=ORIENTED_EDGE('',*,*,#1370,.T.);
#1766=ORIENTED_EDGE('',*,*,#1371,.T.);
#1767=ORIENTED_EDGE('',*,*,#1372,.T.);
#1768=ORIENTED_EDGE('',*,*,#1364,.T.);
#1769=ORIENTED_EDGE('',*,*,#1373,.F.);
#1770=ORIENTED_EDGE('',*,*,#1374,.F.);
#1771=ORIENTED_EDGE('',*,*,#1375,.T.);
#1772=ORIENTED_EDGE('',*,*,#1371,.F.);
#1773=ORIENTED_EDGE('',*,*,#1373,.T.);
#1774=ORIENTED_EDGE('',*,*,#1363,.F.);
#1775=ORIENTED_EDGE('',*,*,#1376,.T.);
#1776=ORIENTED_EDGE('',*,*,#1377,.T.);
#1777=ORIENTED_EDGE('',*,*,#1378,.T.);
#1778=ORIENTED_EDGE('',*,*,#1379,.T.);
#1779=ORIENTED_EDGE('',*,*,#1380,.T.);
#1780=ORIENTED_EDGE('',*,*,#1381,.F.);
#1781=ORIENTED_EDGE('',*,*,#1382,.T.);
#1782=ORIENTED_EDGE('',*,*,#1383,.T.);
#1783=ORIENTED_EDGE('',*,*,#1384,.T.);
#1784=ORIENTED_EDGE('',*,*,#1385,.T.);
#1785=ORIENTED_EDGE('',*,*,#1341,.F.);
#1786=ORIENTED_EDGE('',*,*,#1386,.T.);
#1787=ORIENTED_EDGE('',*,*,#1370,.F.);
#1788=ORIENTED_EDGE('',*,*,#1386,.F.);
#1789=ORIENTED_EDGE('',*,*,#1387,.T.);
#1790=ORIENTED_EDGE('',*,*,#1388,.T.);
#1791=ORIENTED_EDGE('',*,*,#1361,.T.);
#1792=ORIENTED_EDGE('',*,*,#1389,.T.);
#1793=ORIENTED_EDGE('',*,*,#1390,.F.);
#1794=ORIENTED_EDGE('',*,*,#1376,.F.);
#1795=ORIENTED_EDGE('',*,*,#1362,.T.);
#1796=ORIENTED_EDGE('',*,*,#1388,.F.);
#1797=ORIENTED_EDGE('',*,*,#1390,.T.);
#1798=ORIENTED_EDGE('',*,*,#1391,.T.);
#1799=ORIENTED_EDGE('',*,*,#1392,.F.);
#1800=ORIENTED_EDGE('',*,*,#1377,.F.);
#1801=ORIENTED_EDGE('',*,*,#1389,.F.);
#1802=ORIENTED_EDGE('',*,*,#1360,.F.);
#1803=ORIENTED_EDGE('',*,*,#1393,.T.);
#1804=ORIENTED_EDGE('',*,*,#1394,.F.);
#1805=ORIENTED_EDGE('',*,*,#1391,.F.);
#1806=ORIENTED_EDGE('',*,*,#1323,.F.);
#1807=ORIENTED_EDGE('',*,*,#1395,.T.);
#1808=ORIENTED_EDGE('',*,*,#1387,.F.);
#1809=ORIENTED_EDGE('',*,*,#1395,.F.);
#1810=ORIENTED_EDGE('',*,*,#1396,.T.);
#1811=ORIENTED_EDGE('',*,*,#1397,.T.);
#1812=ORIENTED_EDGE('',*,*,#1354,.T.);
#1813=ORIENTED_EDGE('',*,*,#1398,.F.);
#1814=ORIENTED_EDGE('',*,*,#1399,.F.);
#1815=ORIENTED_EDGE('',*,*,#1400,.T.);
#1816=ORIENTED_EDGE('',*,*,#1355,.T.);
#1817=ORIENTED_EDGE('',*,*,#1397,.F.);
#1818=ORIENTED_EDGE('',*,*,#1399,.T.);
#1819=ORIENTED_EDGE('',*,*,#1401,.F.);
#1820=ORIENTED_EDGE('',*,*,#1402,.T.);
#1821=ORIENTED_EDGE('',*,*,#1403,.F.);
#1822=ORIENTED_EDGE('',*,*,#1342,.T.);
#1823=ORIENTED_EDGE('',*,*,#1404,.T.);
#1824=ORIENTED_EDGE('',*,*,#1405,.T.);
#1825=ORIENTED_EDGE('',*,*,#1406,.T.);
#1826=ORIENTED_EDGE('',*,*,#1407,.T.);
#1827=ORIENTED_EDGE('',*,*,#1408,.F.);
#1828=ORIENTED_EDGE('',*,*,#1409,.T.);
#1829=ORIENTED_EDGE('',*,*,#1410,.T.);
#1830=ORIENTED_EDGE('',*,*,#1411,.T.);
#1831=ORIENTED_EDGE('',*,*,#1401,.T.);
#1832=ORIENTED_EDGE('',*,*,#1398,.T.);
#1833=ORIENTED_EDGE('',*,*,#1353,.F.);
#1834=ORIENTED_EDGE('',*,*,#1329,.F.);
#1835=ORIENTED_EDGE('',*,*,#1412,.T.);
#1836=ORIENTED_EDGE('',*,*,#1396,.F.);
#1837=ORIENTED_EDGE('',*,*,#1412,.F.);
#1838=ORIENTED_EDGE('',*,*,#1400,.F.);
#1839=ORIENTED_EDGE('',*,*,#1403,.T.);
#1840=ORIENTED_EDGE('',*,*,#1413,.T.);
#1841=ORIENTED_EDGE('',*,*,#1414,.F.);
#1842=ORIENTED_EDGE('',*,*,#1356,.F.);
#1843=ORIENTED_EDGE('',*,*,#1375,.F.);
#1844=ORIENTED_EDGE('',*,*,#1415,.T.);
#1845=ORIENTED_EDGE('',*,*,#1416,.T.);
#1846=ORIENTED_EDGE('',*,*,#1417,.F.);
#1847=ORIENTED_EDGE('',*,*,#1365,.F.);
#1848=ORIENTED_EDGE('',*,*,#1372,.F.);
#1849=ORIENTED_EDGE('',*,*,#1374,.T.);
#1850=ORIENTED_EDGE('',*,*,#1385,.F.);
#1851=ORIENTED_EDGE('',*,*,#1418,.T.);
#1852=ORIENTED_EDGE('',*,*,#1415,.F.);
#1853=ORIENTED_EDGE('',*,*,#1348,.T.);
#1854=ORIENTED_EDGE('',*,*,#1352,.T.);
#1855=ORIENTED_EDGE('',*,*,#1419,.F.);
#1856=ORIENTED_EDGE('',*,*,#1404,.F.);
#1857=ORIENTED_EDGE('',*,*,#1420,.T.);
#1858=ORIENTED_EDGE('',*,*,#1421,.T.);
#1859=ORIENTED_EDGE('',*,*,#1422,.F.);
#1860=ORIENTED_EDGE('',*,*,#1423,.T.);
#1861=ORIENTED_EDGE('',*,*,#1424,.F.);
#1862=ORIENTED_EDGE('',*,*,#1421,.F.);
#1863=ORIENTED_EDGE('',*,*,#1425,.T.);
#1864=ORIENTED_EDGE('',*,*,#1423,.F.);
#1865=ORIENTED_EDGE('',*,*,#1426,.F.);
#1866=ORIENTED_EDGE('',*,*,#1427,.F.);
#1867=ORIENTED_EDGE('',*,*,#1428,.T.);
#1868=ORIENTED_EDGE('',*,*,#1429,.T.);
#1869=ORIENTED_EDGE('',*,*,#1430,.F.);
#1870=ORIENTED_EDGE('',*,*,#1431,.T.);
#1871=ORIENTED_EDGE('',*,*,#1432,.T.);
#1872=ORIENTED_EDGE('',*,*,#1433,.F.);
#1873=ORIENTED_EDGE('',*,*,#1434,.F.);
#1874=ORIENTED_EDGE('',*,*,#1435,.F.);
#1875=ORIENTED_EDGE('',*,*,#1436,.T.);
#1876=ORIENTED_EDGE('',*,*,#1425,.F.);
#1877=ORIENTED_EDGE('',*,*,#1420,.F.);
#1878=ORIENTED_EDGE('',*,*,#1436,.F.);
#1879=ORIENTED_EDGE('',*,*,#1437,.F.);
#1880=ORIENTED_EDGE('',*,*,#1438,.F.);
#1881=ORIENTED_EDGE('',*,*,#1439,.T.);
#1882=ORIENTED_EDGE('',*,*,#1440,.F.);
#1883=ORIENTED_EDGE('',*,*,#1441,.F.);
#1884=ORIENTED_EDGE('',*,*,#1439,.F.);
#1885=ORIENTED_EDGE('',*,*,#1442,.F.);
#1886=ORIENTED_EDGE('',*,*,#1443,.F.);
#1887=ORIENTED_EDGE('',*,*,#1444,.F.);
#1888=ORIENTED_EDGE('',*,*,#1445,.F.);
#1889=ORIENTED_EDGE('',*,*,#1443,.T.);
#1890=ORIENTED_EDGE('',*,*,#1446,.T.);
#1891=ORIENTED_EDGE('',*,*,#1447,.F.);
#1892=ORIENTED_EDGE('',*,*,#1446,.F.);
#1893=ORIENTED_EDGE('',*,*,#1442,.T.);
#1894=ORIENTED_EDGE('',*,*,#1438,.T.);
#1895=ORIENTED_EDGE('',*,*,#1448,.F.);
#1896=ORIENTED_EDGE('',*,*,#1449,.T.);
#1897=ORIENTED_EDGE('',*,*,#1450,.F.);
#1898=ORIENTED_EDGE('',*,*,#1440,.T.);
#1899=ORIENTED_EDGE('',*,*,#1441,.T.);
#1900=ORIENTED_EDGE('',*,*,#1445,.T.);
#1901=ORIENTED_EDGE('',*,*,#1451,.F.);
#1902=ORIENTED_EDGE('',*,*,#1449,.F.);
#1903=ORIENTED_EDGE('',*,*,#1435,.T.);
#1904=ORIENTED_EDGE('',*,*,#1448,.T.);
#1905=ORIENTED_EDGE('',*,*,#1379,.F.);
#1906=ORIENTED_EDGE('',*,*,#1452,.T.);
#1907=ORIENTED_EDGE('',*,*,#1453,.T.);
#1908=ORIENTED_EDGE('',*,*,#1454,.T.);
#1909=ORIENTED_EDGE('',*,*,#1455,.T.);
#1910=ORIENTED_EDGE('',*,*,#1456,.T.);
#1911=ORIENTED_EDGE('',*,*,#1453,.F.);
#1912=ORIENTED_EDGE('',*,*,#1457,.T.);
#1913=ORIENTED_EDGE('',*,*,#1458,.F.);
#1914=ORIENTED_EDGE('',*,*,#1459,.T.);
#1915=ORIENTED_EDGE('',*,*,#1455,.F.);
#1916=ORIENTED_EDGE('',*,*,#1460,.T.);
#1917=ORIENTED_EDGE('',*,*,#1454,.F.);
#1918=ORIENTED_EDGE('',*,*,#1461,.T.);
#1919=ORIENTED_EDGE('',*,*,#1462,.T.);
#1920=ORIENTED_EDGE('',*,*,#1380,.F.);
#1921=ORIENTED_EDGE('',*,*,#1456,.F.);
#1922=ORIENTED_EDGE('',*,*,#1463,.T.);
#1923=ORIENTED_EDGE('',*,*,#1464,.T.);
#1924=ORIENTED_EDGE('',*,*,#1461,.F.);
#1925=ORIENTED_EDGE('',*,*,#1459,.F.);
#1926=ORIENTED_EDGE('',*,*,#1465,.F.);
#1927=ORIENTED_EDGE('',*,*,#1466,.T.);
#1928=ORIENTED_EDGE('',*,*,#1463,.F.);
#1929=ORIENTED_EDGE('',*,*,#1383,.F.);
#1930=ORIENTED_EDGE('',*,*,#1467,.T.);
#1931=ORIENTED_EDGE('',*,*,#1468,.T.);
#1932=ORIENTED_EDGE('',*,*,#1469,.T.);
#1933=ORIENTED_EDGE('',*,*,#1470,.T.);
#1934=ORIENTED_EDGE('',*,*,#1471,.T.);
#1935=ORIENTED_EDGE('',*,*,#1468,.F.);
#1936=ORIENTED_EDGE('',*,*,#1472,.T.);
#1937=ORIENTED_EDGE('',*,*,#1473,.F.);
#1938=ORIENTED_EDGE('',*,*,#1474,.T.);
#1939=ORIENTED_EDGE('',*,*,#1470,.F.);
#1940=ORIENTED_EDGE('',*,*,#1475,.T.);
#1941=ORIENTED_EDGE('',*,*,#1469,.F.);
#1942=ORIENTED_EDGE('',*,*,#1471,.F.);
#1943=ORIENTED_EDGE('',*,*,#1474,.F.);
#1944=ORIENTED_EDGE('',*,*,#1476,.F.);
#1945=ORIENTED_EDGE('',*,*,#1477,.F.);
#1946=ORIENTED_EDGE('',*,*,#1416,.F.);
#1947=ORIENTED_EDGE('',*,*,#1418,.F.);
#1948=ORIENTED_EDGE('',*,*,#1384,.F.);
#1949=ORIENTED_EDGE('',*,*,#1410,.F.);
#1950=ORIENTED_EDGE('',*,*,#1478,.T.);
#1951=ORIENTED_EDGE('',*,*,#1479,.T.);
#1952=ORIENTED_EDGE('',*,*,#1480,.T.);
#1953=ORIENTED_EDGE('',*,*,#1481,.T.);
#1954=ORIENTED_EDGE('',*,*,#1482,.T.);
#1955=ORIENTED_EDGE('',*,*,#1479,.F.);
#1956=ORIENTED_EDGE('',*,*,#1483,.T.);
#1957=ORIENTED_EDGE('',*,*,#1484,.F.);
#1958=ORIENTED_EDGE('',*,*,#1485,.T.);
#1959=ORIENTED_EDGE('',*,*,#1481,.F.);
#1960=ORIENTED_EDGE('',*,*,#1486,.T.);
#1961=ORIENTED_EDGE('',*,*,#1458,.T.);
#1962=ORIENTED_EDGE('',*,*,#1487,.T.);
#1963=ORIENTED_EDGE('',*,*,#1488,.T.);
#1964=ORIENTED_EDGE('',*,*,#1358,.F.);
#1965=ORIENTED_EDGE('',*,*,#1489,.T.);
#1966=ORIENTED_EDGE('',*,*,#1490,.T.);
#1967=ORIENTED_EDGE('',*,*,#1484,.T.);
#1968=ORIENTED_EDGE('',*,*,#1491,.T.);
#1969=ORIENTED_EDGE('',*,*,#1492,.F.);
#1970=ORIENTED_EDGE('',*,*,#1465,.T.);
#1971=ORIENTED_EDGE('',*,*,#1486,.F.);
#1972=ORIENTED_EDGE('',*,*,#1493,.T.);
#1973=ORIENTED_EDGE('',*,*,#1494,.F.);
#1974=ORIENTED_EDGE('',*,*,#1491,.F.);
#1975=ORIENTED_EDGE('',*,*,#1483,.F.);
#1976=ORIENTED_EDGE('',*,*,#1495,.T.);
#1977=ORIENTED_EDGE('',*,*,#1496,.F.);
#1978=ORIENTED_EDGE('',*,*,#1493,.F.);
#1979=ORIENTED_EDGE('',*,*,#1478,.F.);
#1980=ORIENTED_EDGE('',*,*,#1409,.F.);
#1981=ORIENTED_EDGE('',*,*,#1497,.F.);
#1982=ORIENTED_EDGE('',*,*,#1495,.F.);
#1983=ORIENTED_EDGE('',*,*,#1498,.F.);
#1984=ORIENTED_EDGE('',*,*,#1499,.T.);
#1985=ORIENTED_EDGE('',*,*,#1500,.T.);
#1986=ORIENTED_EDGE('',*,*,#1501,.T.);
#1987=ORIENTED_EDGE('',*,*,#1502,.T.);
#1988=ORIENTED_EDGE('',*,*,#1503,.T.);
#1989=ORIENTED_EDGE('',*,*,#1500,.F.);
#1990=ORIENTED_EDGE('',*,*,#1504,.T.);
#1991=ORIENTED_EDGE('',*,*,#1406,.F.);
#1992=ORIENTED_EDGE('',*,*,#1505,.T.);
#1993=ORIENTED_EDGE('',*,*,#1502,.F.);
#1994=ORIENTED_EDGE('',*,*,#1506,.T.);
#1995=ORIENTED_EDGE('',*,*,#1506,.F.);
#1996=ORIENTED_EDGE('',*,*,#1507,.T.);
#1997=ORIENTED_EDGE('',*,*,#1508,.T.);
#1998=ORIENTED_EDGE('',*,*,#1407,.F.);
#1999=ORIENTED_EDGE('',*,*,#1504,.F.);
#2000=ORIENTED_EDGE('',*,*,#1509,.T.);
#2001=ORIENTED_EDGE('',*,*,#1510,.T.);
#2002=ORIENTED_EDGE('',*,*,#1507,.F.);
#2003=ORIENTED_EDGE('',*,*,#1499,.F.);
#2004=ORIENTED_EDGE('',*,*,#1511,.F.);
#2005=ORIENTED_EDGE('',*,*,#1512,.T.);
#2006=ORIENTED_EDGE('',*,*,#1509,.F.);
#2007=ORIENTED_EDGE('',*,*,#1513,.F.);
#2008=ORIENTED_EDGE('',*,*,#1514,.T.);
#2009=ORIENTED_EDGE('',*,*,#1515,.T.);
#2010=ORIENTED_EDGE('',*,*,#1516,.T.);
#2011=ORIENTED_EDGE('',*,*,#1517,.F.);
#2012=ORIENTED_EDGE('',*,*,#1518,.F.);
#2013=ORIENTED_EDGE('',*,*,#1519,.F.);
#2014=ORIENTED_EDGE('',*,*,#1520,.F.);
#2015=ORIENTED_EDGE('',*,*,#1521,.F.);
#2016=ORIENTED_EDGE('',*,*,#1522,.F.);
#2017=ORIENTED_EDGE('',*,*,#1432,.F.);
#2018=ORIENTED_EDGE('',*,*,#1523,.F.);
#2019=ORIENTED_EDGE('',*,*,#1524,.F.);
#2020=ORIENTED_EDGE('',*,*,#1525,.F.);
#2021=ORIENTED_EDGE('',*,*,#1526,.F.);
#2022=ORIENTED_EDGE('',*,*,#1527,.F.);
#2023=ORIENTED_EDGE('',*,*,#1528,.F.);
#2024=ORIENTED_EDGE('',*,*,#1473,.T.);
#2025=ORIENTED_EDGE('',*,*,#1529,.T.);
#2026=ORIENTED_EDGE('',*,*,#1530,.F.);
#2027=ORIENTED_EDGE('',*,*,#1511,.T.);
#2028=ORIENTED_EDGE('',*,*,#1498,.T.);
#2029=ORIENTED_EDGE('',*,*,#1531,.T.);
#2030=ORIENTED_EDGE('',*,*,#1532,.T.);
#2031=ORIENTED_EDGE('',*,*,#1367,.F.);
#2032=ORIENTED_EDGE('',*,*,#1533,.T.);
#2033=ORIENTED_EDGE('',*,*,#1476,.T.);
#2034=ORIENTED_EDGE('',*,*,#1437,.T.);
#2035=ORIENTED_EDGE('',*,*,#1450,.T.);
#2036=ORIENTED_EDGE('',*,*,#1451,.T.);
#2037=ORIENTED_EDGE('',*,*,#1444,.T.);
#2038=ORIENTED_EDGE('',*,*,#1447,.T.);
#2039=ORIENTED_EDGE('',*,*,#1505,.F.);
#2040=ORIENTED_EDGE('',*,*,#1405,.F.);
#2041=ORIENTED_EDGE('',*,*,#1419,.T.);
#2042=ORIENTED_EDGE('',*,*,#1351,.T.);
#2043=ORIENTED_EDGE('',*,*,#1534,.T.);
#2044=ORIENTED_EDGE('',*,*,#1531,.F.);
#2045=ORIENTED_EDGE('',*,*,#1501,.F.);
#2046=ORIENTED_EDGE('',*,*,#1503,.F.);
#2047=ORIENTED_EDGE('',*,*,#1467,.F.);
#2048=ORIENTED_EDGE('',*,*,#1382,.F.);
#2049=ORIENTED_EDGE('',*,*,#1535,.F.);
#2050=ORIENTED_EDGE('',*,*,#1536,.F.);
#2051=ORIENTED_EDGE('',*,*,#1472,.F.);
#2052=ORIENTED_EDGE('',*,*,#1536,.T.);
#2053=ORIENTED_EDGE('',*,*,#1537,.F.);
#2054=ORIENTED_EDGE('',*,*,#1538,.F.);
#2055=ORIENTED_EDGE('',*,*,#1475,.F.);
#2056=ORIENTED_EDGE('',*,*,#1538,.T.);
#2057=ORIENTED_EDGE('',*,*,#1539,.F.);
#2058=ORIENTED_EDGE('',*,*,#1529,.F.);
#2059=ORIENTED_EDGE('',*,*,#1540,.F.);
#2060=ORIENTED_EDGE('',*,*,#1541,.F.);
#2061=ORIENTED_EDGE('',*,*,#1542,.T.);
#2062=ORIENTED_EDGE('',*,*,#1523,.T.);
#2063=ORIENTED_EDGE('',*,*,#1431,.F.);
#2064=ORIENTED_EDGE('',*,*,#1543,.F.);
#2065=ORIENTED_EDGE('',*,*,#1544,.T.);
#2066=ORIENTED_EDGE('',*,*,#1545,.T.);
#2067=ORIENTED_EDGE('',*,*,#1546,.T.);
#2068=ORIENTED_EDGE('',*,*,#1547,.F.);
#2069=ORIENTED_EDGE('',*,*,#1548,.T.);
#2070=ORIENTED_EDGE('',*,*,#1549,.T.);
#2071=ORIENTED_EDGE('',*,*,#1550,.T.);
#2072=ORIENTED_EDGE('',*,*,#1551,.F.);
#2073=ORIENTED_EDGE('',*,*,#1552,.T.);
#2074=ORIENTED_EDGE('',*,*,#1553,.T.);
#2075=ORIENTED_EDGE('',*,*,#1554,.T.);
#2076=ORIENTED_EDGE('',*,*,#1555,.F.);
#2077=ORIENTED_EDGE('',*,*,#1556,.T.);
#2078=ORIENTED_EDGE('',*,*,#1557,.T.);
#2079=ORIENTED_EDGE('',*,*,#1541,.T.);
#2080=ORIENTED_EDGE('',*,*,#1558,.F.);
#2081=ORIENTED_EDGE('',*,*,#1559,.F.);
#2082=ORIENTED_EDGE('',*,*,#1525,.T.);
#2083=ORIENTED_EDGE('',*,*,#1560,.F.);
#2084=ORIENTED_EDGE('',*,*,#1556,.F.);
#2085=ORIENTED_EDGE('',*,*,#1561,.F.);
#2086=ORIENTED_EDGE('',*,*,#1562,.T.);
#2087=ORIENTED_EDGE('',*,*,#1513,.T.);
#2088=ORIENTED_EDGE('',*,*,#1563,.T.);
#2089=ORIENTED_EDGE('',*,*,#1564,.F.);
#2090=ORIENTED_EDGE('',*,*,#1565,.F.);
#2091=ORIENTED_EDGE('',*,*,#1521,.T.);
#2092=ORIENTED_EDGE('',*,*,#1559,.T.);
#2093=ORIENTED_EDGE('',*,*,#1566,.F.);
#2094=ORIENTED_EDGE('',*,*,#1567,.T.);
#2095=ORIENTED_EDGE('',*,*,#1568,.T.);
#2096=ORIENTED_EDGE('',*,*,#1569,.T.);
#2097=ORIENTED_EDGE('',*,*,#1570,.F.);
#2098=ORIENTED_EDGE('',*,*,#1571,.F.);
#2099=ORIENTED_EDGE('',*,*,#1572,.T.);
#2100=ORIENTED_EDGE('',*,*,#1573,.T.);
#2101=ORIENTED_EDGE('',*,*,#1574,.F.);
#2102=ORIENTED_EDGE('',*,*,#1575,.T.);
#2103=ORIENTED_EDGE('',*,*,#1576,.T.);
#2104=ORIENTED_EDGE('',*,*,#1577,.T.);
#2105=ORIENTED_EDGE('',*,*,#1578,.F.);
#2106=ORIENTED_EDGE('',*,*,#1579,.F.);
#2107=ORIENTED_EDGE('',*,*,#1517,.T.);
#2108=ORIENTED_EDGE('',*,*,#1580,.T.);
#2109=ORIENTED_EDGE('',*,*,#1581,.F.);
#2110=ORIENTED_EDGE('',*,*,#1573,.F.);
#2111=ORIENTED_EDGE('',*,*,#1582,.T.);
#2112=ORIENTED_EDGE('',*,*,#1583,.F.);
#2113=ORIENTED_EDGE('',*,*,#1548,.F.);
#2114=ORIENTED_EDGE('',*,*,#1557,.F.);
#2115=ORIENTED_EDGE('',*,*,#1560,.T.);
#2116=ORIENTED_EDGE('',*,*,#1524,.T.);
#2117=ORIENTED_EDGE('',*,*,#1542,.F.);
#2118=ORIENTED_EDGE('',*,*,#1584,.T.);
#2119=ORIENTED_EDGE('',*,*,#1585,.T.);
#2120=ORIENTED_EDGE('',*,*,#1527,.T.);
#2121=ORIENTED_EDGE('',*,*,#1586,.T.);
#2122=ORIENTED_EDGE('',*,*,#1587,.T.);
#2123=ORIENTED_EDGE('',*,*,#1588,.F.);
#2124=ORIENTED_EDGE('',*,*,#1528,.T.);
#2125=ORIENTED_EDGE('',*,*,#1585,.F.);
#2126=ORIENTED_EDGE('',*,*,#1589,.F.);
#2127=ORIENTED_EDGE('',*,*,#1580,.F.);
#2128=ORIENTED_EDGE('',*,*,#1516,.F.);
#2129=ORIENTED_EDGE('',*,*,#1590,.F.);
#2130=ORIENTED_EDGE('',*,*,#1552,.F.);
#2131=ORIENTED_EDGE('',*,*,#1591,.F.);
#2132=ORIENTED_EDGE('',*,*,#1554,.F.);
#2133=ORIENTED_EDGE('',*,*,#1592,.T.);
#2134=ORIENTED_EDGE('',*,*,#1514,.F.);
#2135=ORIENTED_EDGE('',*,*,#1562,.F.);
#2136=ORIENTED_EDGE('',*,*,#1553,.F.);
#2137=ORIENTED_EDGE('',*,*,#1590,.T.);
#2138=ORIENTED_EDGE('',*,*,#1515,.F.);
#2139=ORIENTED_EDGE('',*,*,#1592,.F.);
#2140=ORIENTED_EDGE('',*,*,#1518,.T.);
#2141=ORIENTED_EDGE('',*,*,#1579,.T.);
#2142=ORIENTED_EDGE('',*,*,#1593,.F.);
#2143=ORIENTED_EDGE('',*,*,#1563,.F.);
#2144=ORIENTED_EDGE('',*,*,#1594,.F.);
#2145=ORIENTED_EDGE('',*,*,#1595,.T.);
#2146=ORIENTED_EDGE('',*,*,#1596,.F.);
#2147=ORIENTED_EDGE('',*,*,#1597,.F.);
#2148=ORIENTED_EDGE('',*,*,#1520,.T.);
#2149=ORIENTED_EDGE('',*,*,#1598,.T.);
#2150=ORIENTED_EDGE('',*,*,#1599,.F.);
#2151=ORIENTED_EDGE('',*,*,#1595,.F.);
#2152=ORIENTED_EDGE('',*,*,#1600,.F.);
#2153=ORIENTED_EDGE('',*,*,#1546,.F.);
#2154=ORIENTED_EDGE('',*,*,#1601,.T.);
#2155=ORIENTED_EDGE('',*,*,#1602,.F.);
#2156=ORIENTED_EDGE('',*,*,#1567,.F.);
#2157=ORIENTED_EDGE('',*,*,#1428,.F.);
#2158=ORIENTED_EDGE('',*,*,#1603,.F.);
#2159=ORIENTED_EDGE('',*,*,#1568,.F.);
#2160=ORIENTED_EDGE('',*,*,#1602,.T.);
#2161=ORIENTED_EDGE('',*,*,#1604,.T.);
#2162=ORIENTED_EDGE('',*,*,#1605,.T.);
#2163=ORIENTED_EDGE('',*,*,#1606,.F.);
#2164=ORIENTED_EDGE('',*,*,#1607,.F.);
#2165=ORIENTED_EDGE('',*,*,#1608,.F.);
#2166=ORIENTED_EDGE('',*,*,#1609,.F.);
#2167=ORIENTED_EDGE('',*,*,#1429,.F.);
#2168=ORIENTED_EDGE('',*,*,#1605,.F.);
#2169=ORIENTED_EDGE('',*,*,#1610,.F.);
#2170=ORIENTED_EDGE('',*,*,#1544,.F.);
#2171=ORIENTED_EDGE('',*,*,#1545,.F.);
#2172=ORIENTED_EDGE('',*,*,#1610,.T.);
#2173=ORIENTED_EDGE('',*,*,#1604,.F.);
#2174=ORIENTED_EDGE('',*,*,#1601,.F.);
#2175=ORIENTED_EDGE('',*,*,#1611,.F.);
#2176=ORIENTED_EDGE('',*,*,#1612,.T.);
#2177=ORIENTED_EDGE('',*,*,#1608,.T.);
#2178=ORIENTED_EDGE('',*,*,#1613,.T.);
#2179=ORIENTED_EDGE('',*,*,#1614,.F.);
#2180=ORIENTED_EDGE('',*,*,#1615,.F.);
#2181=ORIENTED_EDGE('',*,*,#1606,.T.);
#2182=ORIENTED_EDGE('',*,*,#1612,.F.);
#2183=ORIENTED_EDGE('',*,*,#1526,.T.);
#2184=ORIENTED_EDGE('',*,*,#1588,.T.);
#2185=ORIENTED_EDGE('',*,*,#1587,.F.);
#2186=ORIENTED_EDGE('',*,*,#1586,.F.);
#2187=ORIENTED_EDGE('',*,*,#1532,.F.);
#2188=ORIENTED_EDGE('',*,*,#1534,.F.);
#2189=ORIENTED_EDGE('',*,*,#1350,.F.);
#2190=ORIENTED_EDGE('',*,*,#1368,.F.);
#2191=ORIENTED_EDGE('',*,*,#1555,.T.);
#2192=ORIENTED_EDGE('',*,*,#1591,.T.);
#2193=ORIENTED_EDGE('',*,*,#1561,.T.);
#2194=ORIENTED_EDGE('',*,*,#1558,.T.);
#2195=ORIENTED_EDGE('',*,*,#1519,.T.);
#2196=ORIENTED_EDGE('',*,*,#1597,.T.);
#2197=ORIENTED_EDGE('',*,*,#1596,.T.);
#2198=ORIENTED_EDGE('',*,*,#1599,.T.);
#2199=ORIENTED_EDGE('',*,*,#1598,.F.);
#2200=ORIENTED_EDGE('',*,*,#1485,.F.);
#2201=ORIENTED_EDGE('',*,*,#1490,.F.);
#2202=ORIENTED_EDGE('',*,*,#1616,.F.);
#2203=ORIENTED_EDGE('',*,*,#1413,.F.);
#2204=ORIENTED_EDGE('',*,*,#1402,.F.);
#2205=ORIENTED_EDGE('',*,*,#1411,.F.);
#2206=ORIENTED_EDGE('',*,*,#1480,.F.);
#2207=ORIENTED_EDGE('',*,*,#1482,.F.);
#2208=ORIENTED_EDGE('',*,*,#1489,.F.);
#2209=ORIENTED_EDGE('',*,*,#1357,.F.);
#2210=ORIENTED_EDGE('',*,*,#1414,.T.);
#2211=ORIENTED_EDGE('',*,*,#1616,.T.);
#2212=ORIENTED_EDGE('',*,*,#1551,.T.);
#2213=ORIENTED_EDGE('',*,*,#1617,.T.);
#2214=ORIENTED_EDGE('',*,*,#1574,.T.);
#2215=ORIENTED_EDGE('',*,*,#1589,.T.);
#2216=ORIENTED_EDGE('',*,*,#1607,.T.);
#2217=ORIENTED_EDGE('',*,*,#1615,.T.);
#2218=ORIENTED_EDGE('',*,*,#1614,.T.);
#2219=ORIENTED_EDGE('',*,*,#1613,.F.);
#2220=ORIENTED_EDGE('',*,*,#1533,.F.);
#2221=ORIENTED_EDGE('',*,*,#1366,.F.);
#2222=ORIENTED_EDGE('',*,*,#1417,.T.);
#2223=ORIENTED_EDGE('',*,*,#1477,.T.);
#2224=ORIENTED_EDGE('',*,*,#1603,.T.);
#2225=ORIENTED_EDGE('',*,*,#1427,.T.);
#2226=ORIENTED_EDGE('',*,*,#1618,.F.);
#2227=ORIENTED_EDGE('',*,*,#1569,.F.);
#2228=ORIENTED_EDGE('',*,*,#1430,.T.);
#2229=ORIENTED_EDGE('',*,*,#1609,.T.);
#2230=ORIENTED_EDGE('',*,*,#1543,.T.);
#2231=ORIENTED_EDGE('',*,*,#1540,.T.);
#2232=ORIENTED_EDGE('',*,*,#1619,.T.);
#2233=ORIENTED_EDGE('',*,*,#1620,.F.);
#2234=ORIENTED_EDGE('',*,*,#1621,.T.);
#2235=ORIENTED_EDGE('',*,*,#1622,.F.);
#2236=ORIENTED_EDGE('',*,*,#1623,.T.);
#2237=ORIENTED_EDGE('',*,*,#1624,.F.);
#2238=ORIENTED_EDGE('',*,*,#1625,.F.);
#2239=ORIENTED_EDGE('',*,*,#1626,.F.);
#2240=ORIENTED_EDGE('',*,*,#1627,.T.);
#2241=ORIENTED_EDGE('',*,*,#1619,.F.);
#2242=ORIENTED_EDGE('',*,*,#1628,.T.);
#2243=ORIENTED_EDGE('',*,*,#1623,.F.);
#2244=ORIENTED_EDGE('',*,*,#1572,.F.);
#2245=ORIENTED_EDGE('',*,*,#1629,.F.);
#2246=ORIENTED_EDGE('',*,*,#1576,.F.);
#2247=ORIENTED_EDGE('',*,*,#1630,.F.);
#2248=ORIENTED_EDGE('',*,*,#1631,.F.);
#2249=ORIENTED_EDGE('',*,*,#1582,.F.);
#2250=ORIENTED_EDGE('',*,*,#1626,.T.);
#2251=ORIENTED_EDGE('',*,*,#1632,.F.);
#2252=ORIENTED_EDGE('',*,*,#1620,.T.);
#2253=ORIENTED_EDGE('',*,*,#1627,.F.);
#2254=ORIENTED_EDGE('',*,*,#1617,.F.);
#2255=ORIENTED_EDGE('',*,*,#1550,.F.);
#2256=ORIENTED_EDGE('',*,*,#1633,.T.);
#2257=ORIENTED_EDGE('',*,*,#1630,.T.);
#2258=ORIENTED_EDGE('',*,*,#1575,.F.);
#2259=ORIENTED_EDGE('',*,*,#1549,.F.);
#2260=ORIENTED_EDGE('',*,*,#1583,.T.);
#2261=ORIENTED_EDGE('',*,*,#1631,.T.);
#2262=ORIENTED_EDGE('',*,*,#1633,.F.);
#2263=ORIENTED_EDGE('',*,*,#1632,.T.);
#2264=ORIENTED_EDGE('',*,*,#1625,.T.);
#2265=ORIENTED_EDGE('',*,*,#1634,.T.);
#2266=ORIENTED_EDGE('',*,*,#1621,.F.);
#2267=ORIENTED_EDGE('',*,*,#1359,.F.);
#2268=ORIENTED_EDGE('',*,*,#1488,.F.);
#2269=ORIENTED_EDGE('',*,*,#1635,.F.);
#2270=ORIENTED_EDGE('',*,*,#1393,.F.);
#2271=ORIENTED_EDGE('',*,*,#1452,.F.);
#2272=ORIENTED_EDGE('',*,*,#1378,.F.);
#2273=ORIENTED_EDGE('',*,*,#1392,.T.);
#2274=ORIENTED_EDGE('',*,*,#1394,.T.);
#2275=ORIENTED_EDGE('',*,*,#1635,.T.);
#2276=ORIENTED_EDGE('',*,*,#1487,.F.);
#2277=ORIENTED_EDGE('',*,*,#1460,.F.);
#2278=ORIENTED_EDGE('',*,*,#1457,.F.);
#2279=ORIENTED_EDGE('',*,*,#1629,.T.);
#2280=ORIENTED_EDGE('',*,*,#1571,.T.);
#2281=ORIENTED_EDGE('',*,*,#1636,.F.);
#2282=ORIENTED_EDGE('',*,*,#1577,.F.);
#2283=ORIENTED_EDGE('',*,*,#1637,.T.);
#2284=ORIENTED_EDGE('',*,*,#1564,.T.);
#2285=ORIENTED_EDGE('',*,*,#1593,.T.);
#2286=ORIENTED_EDGE('',*,*,#1578,.T.);
#2287=ORIENTED_EDGE('',*,*,#1636,.T.);
#2288=ORIENTED_EDGE('',*,*,#1570,.T.);
#2289=ORIENTED_EDGE('',*,*,#1618,.T.);
#2290=ORIENTED_EDGE('',*,*,#1426,.T.);
#2291=ORIENTED_EDGE('',*,*,#1422,.T.);
#2292=ORIENTED_EDGE('',*,*,#1424,.T.);
#2293=ORIENTED_EDGE('',*,*,#1434,.T.);
#2294=ORIENTED_EDGE('',*,*,#1594,.T.);
#2295=ORIENTED_EDGE('',*,*,#1584,.F.);
#2296=ORIENTED_EDGE('',*,*,#1494,.T.);
#2297=ORIENTED_EDGE('',*,*,#1496,.T.);
#2298=ORIENTED_EDGE('',*,*,#1497,.T.);
#2299=ORIENTED_EDGE('',*,*,#1408,.T.);
#2300=ORIENTED_EDGE('',*,*,#1508,.F.);
#2301=ORIENTED_EDGE('',*,*,#1510,.F.);
#2302=ORIENTED_EDGE('',*,*,#1512,.F.);
#2303=ORIENTED_EDGE('',*,*,#1530,.T.);
#2304=ORIENTED_EDGE('',*,*,#1539,.T.);
#2305=ORIENTED_EDGE('',*,*,#1537,.T.);
#2306=ORIENTED_EDGE('',*,*,#1535,.T.);
#2307=ORIENTED_EDGE('',*,*,#1381,.T.);
#2308=ORIENTED_EDGE('',*,*,#1462,.F.);
#2309=ORIENTED_EDGE('',*,*,#1464,.F.);
#2310=ORIENTED_EDGE('',*,*,#1466,.F.);
#2311=ORIENTED_EDGE('',*,*,#1492,.T.);
#2312=ORIENTED_EDGE('',*,*,#1624,.T.);
#2313=ORIENTED_EDGE('',*,*,#1628,.F.);
#2314=ORIENTED_EDGE('',*,*,#1622,.T.);
#2315=ORIENTED_EDGE('',*,*,#1634,.F.);
#2316=ORIENTED_EDGE('',*,*,#1611,.T.);
#2317=ORIENTED_EDGE('',*,*,#1566,.T.);
#2318=ORIENTED_EDGE('',*,*,#1581,.T.);
#2319=ORIENTED_EDGE('',*,*,#1547,.T.);
#2320=ORIENTED_EDGE('',*,*,#1600,.T.);
#2321=ORIENTED_EDGE('',*,*,#1322,.T.);
#2322=ORIENTED_EDGE('',*,*,#1340,.T.);
#2323=ORIENTED_EDGE('',*,*,#1328,.T.);
#2324=ORIENTED_EDGE('',*,*,#1522,.T.);
#2325=ORIENTED_EDGE('',*,*,#1565,.T.);
#2326=ORIENTED_EDGE('',*,*,#1637,.F.);
#2327=ORIENTED_EDGE('',*,*,#1433,.T.);
#2328=ORIENTED_EDGE('',*,*,#1334,.T.);
#2329=ORIENTED_EDGE('',*,*,#1638,.T.);
#2330=ORIENTED_EDGE('',*,*,#1639,.T.);
#2331=ORIENTED_EDGE('',*,*,#1640,.T.);
#2332=ORIENTED_EDGE('',*,*,#1641,.T.);
#2333=ORIENTED_EDGE('',*,*,#1639,.F.);
#2334=ORIENTED_EDGE('',*,*,#1642,.F.);
#2335=ORIENTED_EDGE('',*,*,#1643,.F.);
#2336=ORIENTED_EDGE('',*,*,#1644,.T.);
#2337=ORIENTED_EDGE('',*,*,#1638,.F.);
#2338=ORIENTED_EDGE('',*,*,#1645,.T.);
#2339=ORIENTED_EDGE('',*,*,#1646,.F.);
#2340=ORIENTED_EDGE('',*,*,#1647,.T.);
#2341=ORIENTED_EDGE('',*,*,#1648,.F.);
#2342=ORIENTED_EDGE('',*,*,#1649,.F.);
#2343=ORIENTED_EDGE('',*,*,#1650,.F.);
#2344=ORIENTED_EDGE('',*,*,#1651,.F.);
#2345=ORIENTED_EDGE('',*,*,#1652,.F.);
#2346=ORIENTED_EDGE('',*,*,#1653,.F.);
#2347=ORIENTED_EDGE('',*,*,#1654,.F.);
#2348=ORIENTED_EDGE('',*,*,#1655,.F.);
#2349=ORIENTED_EDGE('',*,*,#1656,.F.);
#2350=ORIENTED_EDGE('',*,*,#1657,.T.);
#2351=ORIENTED_EDGE('',*,*,#1658,.F.);
#2352=ORIENTED_EDGE('',*,*,#1659,.T.);
#2353=ORIENTED_EDGE('',*,*,#1660,.F.);
#2354=ORIENTED_EDGE('',*,*,#1642,.T.);
#2355=ORIENTED_EDGE('',*,*,#1660,.T.);
#2356=ORIENTED_EDGE('',*,*,#1661,.T.);
#2357=ORIENTED_EDGE('',*,*,#1662,.T.);
#2358=ORIENTED_EDGE('',*,*,#1643,.T.);
#2359=ORIENTED_EDGE('',*,*,#1661,.F.);
#2360=ORIENTED_EDGE('',*,*,#1659,.F.);
#2361=ORIENTED_EDGE('',*,*,#1663,.F.);
#2362=ORIENTED_EDGE('',*,*,#1664,.T.);
#2363=ORIENTED_EDGE('',*,*,#1658,.T.);
#2364=ORIENTED_EDGE('',*,*,#1665,.T.);
#2365=ORIENTED_EDGE('',*,*,#1666,.T.);
#2366=ORIENTED_EDGE('',*,*,#1663,.T.);
#2367=ORIENTED_EDGE('',*,*,#1665,.F.);
#2368=ORIENTED_EDGE('',*,*,#1657,.F.);
#2369=ORIENTED_EDGE('',*,*,#1647,.F.);
#2370=ORIENTED_EDGE('',*,*,#1667,.F.);
#2371=ORIENTED_EDGE('',*,*,#1668,.T.);
#2372=ORIENTED_EDGE('',*,*,#1646,.T.);
#2373=ORIENTED_EDGE('',*,*,#1669,.T.);
#2374=ORIENTED_EDGE('',*,*,#1670,.T.);
#2375=ORIENTED_EDGE('',*,*,#1667,.T.);
#2376=ORIENTED_EDGE('',*,*,#1641,.F.);
#2377=ORIENTED_EDGE('',*,*,#1671,.T.);
#2378=ORIENTED_EDGE('',*,*,#1669,.F.);
#2379=ORIENTED_EDGE('',*,*,#1645,.F.);
#2380=ORIENTED_EDGE('',*,*,#1654,.T.);
#2381=ORIENTED_EDGE('',*,*,#1672,.F.);
#2382=ORIENTED_EDGE('',*,*,#1673,.T.);
#2383=ORIENTED_EDGE('',*,*,#1674,.F.);
#2384=ORIENTED_EDGE('',*,*,#1653,.T.);
#2385=ORIENTED_EDGE('',*,*,#1675,.F.);
#2386=ORIENTED_EDGE('',*,*,#1676,.F.);
#2387=ORIENTED_EDGE('',*,*,#1672,.T.);
#2388=ORIENTED_EDGE('',*,*,#1652,.T.);
#2389=ORIENTED_EDGE('',*,*,#1677,.T.);
#2390=ORIENTED_EDGE('',*,*,#1678,.T.);
#2391=ORIENTED_EDGE('',*,*,#1675,.T.);
#2392=ORIENTED_EDGE('',*,*,#1651,.T.);
#2393=ORIENTED_EDGE('',*,*,#1679,.F.);
#2394=ORIENTED_EDGE('',*,*,#1680,.F.);
#2395=ORIENTED_EDGE('',*,*,#1677,.F.);
#2396=ORIENTED_EDGE('',*,*,#1650,.T.);
#2397=ORIENTED_EDGE('',*,*,#1681,.T.);
#2398=ORIENTED_EDGE('',*,*,#1682,.T.);
#2399=ORIENTED_EDGE('',*,*,#1679,.T.);
#2400=ORIENTED_EDGE('',*,*,#1680,.T.);
#2401=ORIENTED_EDGE('',*,*,#1682,.F.);
#2402=ORIENTED_EDGE('',*,*,#1683,.T.);
#2403=ORIENTED_EDGE('',*,*,#1678,.F.);
#2404=ORIENTED_EDGE('',*,*,#1683,.F.);
#2405=ORIENTED_EDGE('',*,*,#1684,.T.);
#2406=ORIENTED_EDGE('',*,*,#1685,.F.);
#2407=ORIENTED_EDGE('',*,*,#1673,.F.);
#2408=ORIENTED_EDGE('',*,*,#1676,.T.);
#2409=ORIENTED_EDGE('',*,*,#1649,.T.);
#2410=ORIENTED_EDGE('',*,*,#1686,.F.);
#2411=ORIENTED_EDGE('',*,*,#1684,.F.);
#2412=ORIENTED_EDGE('',*,*,#1681,.F.);
#2413=ORIENTED_EDGE('',*,*,#1687,.F.);
#2414=ORIENTED_EDGE('',*,*,#1688,.T.);
#2415=ORIENTED_EDGE('',*,*,#1655,.T.);
#2416=ORIENTED_EDGE('',*,*,#1674,.T.);
#2417=ORIENTED_EDGE('',*,*,#1685,.T.);
#2418=ORIENTED_EDGE('',*,*,#1686,.T.);
#2419=ORIENTED_EDGE('',*,*,#1648,.T.);
#2420=ORIENTED_EDGE('',*,*,#1656,.T.);
#2421=ORIENTED_EDGE('',*,*,#1688,.F.);
#2422=ORIENTED_EDGE('',*,*,#1640,.F.);
#2423=ORIENTED_EDGE('',*,*,#1644,.F.);
#2424=ORIENTED_EDGE('',*,*,#1662,.F.);
#2425=ORIENTED_EDGE('',*,*,#1664,.F.);
#2426=ORIENTED_EDGE('',*,*,#1666,.F.);
#2427=ORIENTED_EDGE('',*,*,#1668,.F.);
#2428=ORIENTED_EDGE('',*,*,#1670,.F.);
#2429=ORIENTED_EDGE('',*,*,#1671,.F.);
#2430=ORIENTED_EDGE('',*,*,#1687,.T.);
#2431=CONICAL_SURFACE('',#2596,1.15,0.785398163397448);
#2432=CONICAL_SURFACE('',#2603,1.15,0.785398163397448);
#2433=CONICAL_SURFACE('',#2610,1.15,0.785398163397448);
#2434=CONICAL_SURFACE('',#2617,1.15,0.785398163397448);
#2435=CONICAL_SURFACE('',#2624,4.25,0.785398163397448);
#2436=CONICAL_SURFACE('',#2640,4.25,0.785398163397448);
#2437=CONICAL_SURFACE('',#2644,4.25,0.785398163397449);
#2438=CONICAL_SURFACE('',#2650,4.25,0.785398163397449);
#2439=CONICAL_SURFACE('',#2680,4.12000000000002,0.785398163397448);
#2440=CONICAL_SURFACE('',#2689,4.12000000000002,0.785398163397448);
#2441=CONICAL_SURFACE('',#2695,4.12000000000002,0.785398163397448);
#2442=CONICAL_SURFACE('',#2705,4.12000000000002,0.785398163397448);
#2443=ADVANCED_FACE('',(#183),#2431,.F.);
#2444=ADVANCED_FACE('',(#184),#142,.F.);
#2445=ADVANCED_FACE('',(#185,#44),#59,.T.);
#2446=ADVANCED_FACE('',(#186),#2432,.F.);
#2447=ADVANCED_FACE('',(#187),#143,.F.);
#2448=ADVANCED_FACE('',(#188,#45),#60,.T.);
#2449=ADVANCED_FACE('',(#189),#2433,.F.);
#2450=ADVANCED_FACE('',(#190),#144,.F.);
#2451=ADVANCED_FACE('',(#191,#46),#61,.T.);
#2452=ADVANCED_FACE('',(#192),#2434,.F.);
#2453=ADVANCED_FACE('',(#193),#145,.F.);
#2454=ADVANCED_FACE('',(#194,#47),#62,.T.);
#2455=ADVANCED_FACE('',(#195),#2435,.T.);
#2456=ADVANCED_FACE('',(#196),#146,.T.);
#2457=ADVANCED_FACE('',(#197),#63,.T.);
#2458=ADVANCED_FACE('',(#198),#147,.T.);
#2459=ADVANCED_FACE('',(#199),#2436,.T.);
#2460=ADVANCED_FACE('',(#200),#64,.T.);
#2461=ADVANCED_FACE('',(#201),#148,.T.);
#2462=ADVANCED_FACE('',(#202),#2437,.T.);
#2463=ADVANCED_FACE('',(#203),#65,.T.);
#2464=ADVANCED_FACE('',(#204),#149,.T.);
#2465=ADVANCED_FACE('',(#205),#150,.T.);
#2466=ADVANCED_FACE('',(#206),#2438,.T.);
#2467=ADVANCED_FACE('',(#207),#66,.F.);
#2468=ADVANCED_FACE('',(#208),#67,.T.);
#2469=ADVANCED_FACE('',(#209),#151,.T.);
#2470=ADVANCED_FACE('',(#210),#152,.T.);
#2471=ADVANCED_FACE('',(#211),#153,.T.);
#2472=ADVANCED_FACE('',(#212),#68,.F.);
#2473=ADVANCED_FACE('',(#213),#69,.T.);
#2474=ADVANCED_FACE('',(#214),#27,.F.);
#2475=ADVANCED_FACE('',(#215),#70,.T.);
#2476=ADVANCED_FACE('',(#216),#154,.T.);
#2477=ADVANCED_FACE('',(#217),#71,.F.);
#2478=ADVANCED_FACE('',(#218),#72,.F.);
#2479=ADVANCED_FACE('',(#219),#73,.F.);
#2480=ADVANCED_FACE('',(#220),#74,.F.);
#2481=ADVANCED_FACE('',(#221),#155,.F.);
#2482=ADVANCED_FACE('',(#222,#48),#75,.T.);
#2483=ADVANCED_FACE('',(#223),#76,.T.);
#2484=ADVANCED_FACE('',(#224),#2439,.T.);
#2485=ADVANCED_FACE('',(#225),#77,.T.);
#2486=ADVANCED_FACE('',(#226),#78,.F.);
#2487=ADVANCED_FACE('',(#227),#156,.T.);
#2488=ADVANCED_FACE('',(#228),#79,.F.);
#2489=ADVANCED_FACE('',(#229),#80,.T.);
#2490=ADVANCED_FACE('',(#230),#2440,.T.);
#2491=ADVANCED_FACE('',(#231),#81,.T.);
#2492=ADVANCED_FACE('',(#232),#82,.T.);
#2493=ADVANCED_FACE('',(#233),#83,.T.);
#2494=ADVANCED_FACE('',(#234),#2441,.T.);
#2495=ADVANCED_FACE('',(#235),#84,.T.);
#2496=ADVANCED_FACE('',(#236),#85,.T.);
#2497=ADVANCED_FACE('',(#237),#86,.T.);
#2498=ADVANCED_FACE('',(#238),#157,.T.);
#2499=ADVANCED_FACE('',(#239),#87,.T.);
#2500=ADVANCED_FACE('',(#240),#88,.T.);
#2501=ADVANCED_FACE('',(#241),#2442,.T.);
#2502=ADVANCED_FACE('',(#242),#89,.T.);
#2503=ADVANCED_FACE('',(#243),#90,.F.);
#2504=ADVANCED_FACE('',(#244),#158,.T.);
#2505=ADVANCED_FACE('',(#245),#91,.F.);
#2506=ADVANCED_FACE('',(#246,#49),#92,.F.);
#2507=ADVANCED_FACE('',(#247,#50),#93,.T.);
#2508=ADVANCED_FACE('',(#248,#51),#94,.T.);
#2509=ADVANCED_FACE('',(#249),#95,.F.);
#2510=ADVANCED_FACE('',(#250),#96,.T.);
#2511=ADVANCED_FACE('',(#251),#159,.T.);
#2512=ADVANCED_FACE('',(#252),#97,.T.);
#2513=ADVANCED_FACE('',(#253),#98,.F.);
#2514=ADVANCED_FACE('',(#254),#99,.F.);
#2515=ADVANCED_FACE('',(#255),#100,.F.);
#2516=ADVANCED_FACE('',(#256),#101,.T.);
#2517=ADVANCED_FACE('',(#257),#102,.T.);
#2518=ADVANCED_FACE('',(#258),#103,.T.);
#2519=ADVANCED_FACE('',(#259),#104,.F.);
#2520=ADVANCED_FACE('',(#260),#160,.F.);
#2521=ADVANCED_FACE('',(#261),#161,.F.);
#2522=ADVANCED_FACE('',(#262),#105,.T.);
#2523=ADVANCED_FACE('',(#263),#106,.T.);
#2524=ADVANCED_FACE('',(#264),#162,.F.);
#2525=ADVANCED_FACE('',(#265),#163,.T.);
#2526=ADVANCED_FACE('',(#266),#164,.F.);
#2527=ADVANCED_FACE('',(#267),#107,.T.);
#2528=ADVANCED_FACE('',(#268,#52),#108,.F.);
#2529=ADVANCED_FACE('',(#269),#109,.T.);
#2530=ADVANCED_FACE('',(#270),#165,.F.);
#2531=ADVANCED_FACE('',(#271),#166,.F.);
#2532=ADVANCED_FACE('',(#272),#167,.F.);
#2533=ADVANCED_FACE('',(#273),#110,.T.);
#2534=ADVANCED_FACE('',(#274),#111,.T.);
#2535=ADVANCED_FACE('',(#275),#168,.F.);
#2536=ADVANCED_FACE('',(#276),#112,.T.);
#2537=ADVANCED_FACE('',(#277),#113,.F.);
#2538=ADVANCED_FACE('',(#278),#114,.T.);
#2539=ADVANCED_FACE('',(#279),#169,.F.);
#2540=ADVANCED_FACE('',(#280),#115,.F.);
#2541=ADVANCED_FACE('',(#281),#170,.T.);
#2542=ADVANCED_FACE('',(#282),#116,.T.);
#2543=ADVANCED_FACE('',(#283),#171,.F.);
#2544=ADVANCED_FACE('',(#284),#172,.F.);
#2545=ADVANCED_FACE('',(#285),#173,.F.);
#2546=ADVANCED_FACE('',(#286,#53),#117,.T.);
#2547=ADVANCED_FACE('',(#287),#118,.F.);
#2548=ADVANCED_FACE('',(#288),#174,.F.);
#2549=ADVANCED_FACE('',(#289),#175,.F.);
#2550=ADVANCED_FACE('',(#290),#119,.T.);
#2551=ADVANCED_FACE('',(#291),#120,.F.);
#2552=ADVANCED_FACE('',(#292),#176,.T.);
#2553=ADVANCED_FACE('',(#293,#54,#55,#56,#57,#58),#121,.T.);
#2554=ADVANCED_FACE('',(#294),#122,.T.);
#2555=ADVANCED_FACE('',(#295),#123,.T.);
#2556=ADVANCED_FACE('',(#296),#124,.T.);
#2557=ADVANCED_FACE('',(#297),#125,.T.);
#2558=ADVANCED_FACE('',(#298),#177,.T.);
#2559=ADVANCED_FACE('',(#299),#126,.T.);
#2560=ADVANCED_FACE('',(#300),#178,.T.);
#2561=ADVANCED_FACE('',(#301),#127,.T.);
#2562=ADVANCED_FACE('',(#302),#128,.T.);
#2563=ADVANCED_FACE('',(#303),#179,.T.);
#2564=ADVANCED_FACE('',(#304),#129,.T.);
#2565=ADVANCED_FACE('',(#305),#180,.T.);
#2566=ADVANCED_FACE('',(#306),#130,.T.);
#2567=ADVANCED_FACE('',(#307),#181,.T.);
#2568=ADVANCED_FACE('',(#308),#131,.T.);
#2569=ADVANCED_FACE('',(#309),#132,.T.);
#2570=ADVANCED_FACE('',(#310),#133,.T.);
#2571=ADVANCED_FACE('',(#311),#134,.T.);
#2572=ADVANCED_FACE('',(#312),#135,.T.);
#2573=ADVANCED_FACE('',(#313),#136,.T.);
#2574=ADVANCED_FACE('',(#314),#137,.T.);
#2575=ADVANCED_FACE('',(#315),#138,.F.);
#2576=ADVANCED_FACE('',(#316),#139,.T.);
#2577=ADVANCED_FACE('',(#317),#182,.T.);
#2578=ADVANCED_FACE('',(#318),#140,.T.);
#2579=ADVANCED_FACE('',(#319),#141,.F.);
#2580=CLOSED_SHELL('',(#2443,#2444,#2445,#2446,#2447,#2448,#2449,#2450,
#2451,#2452,#2453,#2454,#2455,#2456,#2457,#2458,#2459,#2460,#2461,#2462,
#2463,#2464,#2465,#2466,#2467,#2468,#2469,#2470,#2471,#2472,#2473,#2474,
#2475,#2476,#2477,#2478,#2479,#2480,#2481,#2482,#2483,#2484,#2485,#2486,
#2487,#2488,#2489,#2490,#2491,#2492,#2493,#2494,#2495,#2496,#2497,#2498,
#2499,#2500,#2501,#2502,#2503,#2504,#2505,#2506,#2507,#2508,#2509,#2510,
#2511,#2512,#2513,#2514,#2515,#2516,#2517,#2518,#2519,#2520,#2521,#2522,
#2523,#2524,#2525,#2526,#2527,#2528,#2529,#2530,#2531,#2532,#2533,#2534,
#2535,#2536,#2537,#2538,#2539,#2540,#2541,#2542,#2543,#2544,#2545,#2546,
#2547,#2548,#2549,#2550,#2551,#2552,#2553,#2554,#2555,#2556,#2557,#2558,
#2559));
#2581=CLOSED_SHELL('',(#2560,#2561,#2562,#2563,#2564,#2565,#2566,#2567,
#2568,#2569,#2570,#2571,#2572,#2573,#2574,#2575,#2576,#2577,#2578,#2579));
#2582=DERIVED_UNIT_ELEMENT(#2584,1.);
#2583=DERIVED_UNIT_ELEMENT(#4432,-3.);
#2584=(
MASS_UNIT()
NAMED_UNIT(*)
SI_UNIT(.KILO.,.GRAM.)
);
#2585=DERIVED_UNIT((#2582,#2583));
#2586=MEASURE_REPRESENTATION_ITEM('density measure',
POSITIVE_RATIO_MEASURE(7850.),#2585);
#2587=PROPERTY_DEFINITION_REPRESENTATION(#2592,#2589);
#2588=PROPERTY_DEFINITION_REPRESENTATION(#2593,#2590);
#2589=REPRESENTATION('material name',(#2591),#4429);
#2590=REPRESENTATION('density',(#2586),#4429);
#2591=DESCRIPTIVE_REPRESENTATION_ITEM('Stahl','Stahl');
#2592=PROPERTY_DEFINITION('material property','material name',#4444);
#2593=PROPERTY_DEFINITION('material property','density of part',#4444);
#2594=AXIS2_PLACEMENT_3D('',#3586,#2842,#2843);
#2595=AXIS2_PLACEMENT_3D('',#3587,#2844,#2845);
#2596=AXIS2_PLACEMENT_3D('',#3588,#2846,#2847);
#2597=AXIS2_PLACEMENT_3D('',#3590,#2848,#2849);
#2598=AXIS2_PLACEMENT_3D('',#3593,#2851,#2852);
#2599=AXIS2_PLACEMENT_3D('',#3594,#2853,#2854);
#2600=AXIS2_PLACEMENT_3D('',#3597,#2856,#2857);
#2601=AXIS2_PLACEMENT_3D('',#3598,#2858,#2859);
#2602=AXIS2_PLACEMENT_3D('',#3600,#2860,#2861);
#2603=AXIS2_PLACEMENT_3D('',#3601,#2862,#2863);
#2604=AXIS2_PLACEMENT_3D('',#3603,#2864,#2865);
#2605=AXIS2_PLACEMENT_3D('',#3606,#2867,#2868);
#2606=AXIS2_PLACEMENT_3D('',#3607,#2869,#2870);
#2607=AXIS2_PLACEMENT_3D('',#3610,#2872,#2873);
#2608=AXIS2_PLACEMENT_3D('',#3611,#2874,#2875);
#2609=AXIS2_PLACEMENT_3D('',#3613,#2876,#2877);
#2610=AXIS2_PLACEMENT_3D('',#3614,#2878,#2879);
#2611=AXIS2_PLACEMENT_3D('',#3616,#2880,#2881);
#2612=AXIS2_PLACEMENT_3D('',#3619,#2883,#2884);
#2613=AXIS2_PLACEMENT_3D('',#3620,#2885,#2886);
#2614=AXIS2_PLACEMENT_3D('',#3623,#2888,#2889);
#2615=AXIS2_PLACEMENT_3D('',#3624,#2890,#2891);
#2616=AXIS2_PLACEMENT_3D('',#3626,#2892,#2893);
#2617=AXIS2_PLACEMENT_3D('',#3627,#2894,#2895);
#2618=AXIS2_PLACEMENT_3D('',#3629,#2896,#2897);
#2619=AXIS2_PLACEMENT_3D('',#3632,#2899,#2900);
#2620=AXIS2_PLACEMENT_3D('',#3633,#2901,#2902);
#2621=AXIS2_PLACEMENT_3D('',#3636,#2904,#2905);
#2622=AXIS2_PLACEMENT_3D('',#3637,#2906,#2907);
#2623=AXIS2_PLACEMENT_3D('',#3639,#2908,#2909);
#2624=AXIS2_PLACEMENT_3D('',#3640,#2910,#2911);
#2625=AXIS2_PLACEMENT_3D('',#3647,#2912,#2913);
#2626=AXIS2_PLACEMENT_3D('',#3661,#2915,#2916);
#2627=AXIS2_PLACEMENT_3D('',#3674,#2917,#2918);
#2628=AXIS2_PLACEMENT_3D('',#3676,#2919,#2920);
#2629=AXIS2_PLACEMENT_3D('',#3680,#2922,#2923);
#2630=AXIS2_PLACEMENT_3D('',#3682,#2925,#2926);
#2631=AXIS2_PLACEMENT_3D('',#3686,#2928,#2929);
#2632=AXIS2_PLACEMENT_3D('',#3688,#2930,#2931);
#2633=AXIS2_PLACEMENT_3D('',#3690,#2932,#2933);
#2634=AXIS2_PLACEMENT_3D('',#3698,#2937,#2938);
#2635=AXIS2_PLACEMENT_3D('',#3700,#2939,#2940);
#2636=AXIS2_PLACEMENT_3D('',#3702,#2941,#2942);
#2637=AXIS2_PLACEMENT_3D('',#3706,#2944,#2945);
#2638=AXIS2_PLACEMENT_3D('',#3708,#2946,#2947);
#2639=AXIS2_PLACEMENT_3D('',#3714,#2951,#2952);
#2640=AXIS2_PLACEMENT_3D('',#3716,#2954,#2955);
#2641=AXIS2_PLACEMENT_3D('',#3718,#2956,#2957);
#2642=AXIS2_PLACEMENT_3D('',#3747,#2959,#2960);
#2643=AXIS2_PLACEMENT_3D('',#3769,#2970,#2971);
#2644=AXIS2_PLACEMENT_3D('',#3771,#2973,#2974);
#2645=AXIS2_PLACEMENT_3D('',#3773,#2975,#2976);
#2646=AXIS2_PLACEMENT_3D('',#3793,#2978,#2979);
#2647=AXIS2_PLACEMENT_3D('',#3797,#2982,#2983);
#2648=AXIS2_PLACEMENT_3D('',#3800,#2985,#2986);
#2649=AXIS2_PLACEMENT_3D('',#3801,#2987,#2988);
#2650=AXIS2_PLACEMENT_3D('',#3803,#2990,#2991);
#2651=AXIS2_PLACEMENT_3D('',#3805,#2992,#2993);
#2652=AXIS2_PLACEMENT_3D('',#3829,#2995,#2996);
#2653=AXIS2_PLACEMENT_3D('',#3835,#3000,#3001);
#2654=AXIS2_PLACEMENT_3D('',#3851,#3010,#3011);
#2655=AXIS2_PLACEMENT_3D('',#3853,#3013,#3014);
#2656=AXIS2_PLACEMENT_3D('',#3855,#3015,#3016);
#2657=AXIS2_PLACEMENT_3D('',#3857,#3018,#3019);
#2658=AXIS2_PLACEMENT_3D('',#3861,#3021,#3022);
#2659=AXIS2_PLACEMENT_3D('',#3863,#3024,#3025);
#2660=AXIS2_PLACEMENT_3D('',#3865,#3027,#3028);
#2661=AXIS2_PLACEMENT_3D('',#3867,#3030,#3031);
#2662=AXIS2_PLACEMENT_3D('',#3870,#3032,#3033);
#2663=AXIS2_PLACEMENT_3D('',#3872,#3034,#3035);
#2664=AXIS2_PLACEMENT_3D('',#3881,#3036,#3037);
#2665=AXIS2_PLACEMENT_3D('',#3888,#3038,#3039);
#2666=AXIS2_PLACEMENT_3D('',#3889,#3040,#3041);
#2667=AXIS2_PLACEMENT_3D('',#3907,#3051,#3052);
#2668=AXIS2_PLACEMENT_3D('',#3909,#3053,#3054);
#2669=AXIS2_PLACEMENT_3D('',#3911,#3056,#3057);
#2670=AXIS2_PLACEMENT_3D('',#3920,#3062,#3063);
#2671=AXIS2_PLACEMENT_3D('',#3922,#3064,#3065);
#2672=AXIS2_PLACEMENT_3D('',#3926,#3068,#3069);
#2673=AXIS2_PLACEMENT_3D('',#3932,#3073,#3074);
#2674=AXIS2_PLACEMENT_3D('',#3934,#3076,#3077);
#2675=AXIS2_PLACEMENT_3D('',#3936,#3078,#3079);
#2676=AXIS2_PLACEMENT_3D('',#3939,#3081,#3082);
#2677=AXIS2_PLACEMENT_3D('',#3940,#3083,#3084);
#2678=AXIS2_PLACEMENT_3D('',#3941,#3085,#3086);
#2679=AXIS2_PLACEMENT_3D('',#3942,#3087,#3088);
#2680=AXIS2_PLACEMENT_3D('',#3948,#3092,#3093);
#2681=AXIS2_PLACEMENT_3D('',#3952,#3095,#3096);
#2682=AXIS2_PLACEMENT_3D('',#3953,#3097,#3098);
#2683=AXIS2_PLACEMENT_3D('',#3954,#3099,#3100);
#2684=AXIS2_PLACEMENT_3D('',#3960,#3104,#3105);
#2685=AXIS2_PLACEMENT_3D('',#3964,#3108,#3109);
#2686=AXIS2_PLACEMENT_3D('',#3967,#3111,#3112);
#2687=AXIS2_PLACEMENT_3D('',#3968,#3113,#3114);
#2688=AXIS2_PLACEMENT_3D('',#3972,#3117,#3118);
#2689=AXIS2_PLACEMENT_3D('',#3978,#3122,#3123);
#2690=AXIS2_PLACEMENT_3D('',#3982,#3125,#3126);
#2691=AXIS2_PLACEMENT_3D('',#3983,#3127,#3128);
#2692=AXIS2_PLACEMENT_3D('',#3984,#3129,#3130);
#2693=AXIS2_PLACEMENT_3D('',#3990,#3134,#3135);
#2694=AXIS2_PLACEMENT_3D('',#3994,#3138,#3139);
#2695=AXIS2_PLACEMENT_3D('',#4000,#3143,#3144);
#2696=AXIS2_PLACEMENT_3D('',#4004,#3146,#3147);
#2697=AXIS2_PLACEMENT_3D('',#4005,#3148,#3149);
#2698=AXIS2_PLACEMENT_3D('',#4006,#3150,#3151);
#2699=AXIS2_PLACEMENT_3D('',#4012,#3155,#3156);
#2700=AXIS2_PLACEMENT_3D('',#4022,#3163,#3164);
#2701=AXIS2_PLACEMENT_3D('',#4026,#3167,#3168);
#2702=AXIS2_PLACEMENT_3D('',#4029,#3170,#3171);
#2703=AXIS2_PLACEMENT_3D('',#4030,#3172,#3173);
#2704=AXIS2_PLACEMENT_3D('',#4032,#3175,#3176);
#2705=AXIS2_PLACEMENT_3D('',#4041,#3181,#3182);
#2706=AXIS2_PLACEMENT_3D('',#4045,#3184,#3185);
#2707=AXIS2_PLACEMENT_3D('',#4046,#3186,#3187);
#2708=AXIS2_PLACEMENT_3D('',#4047,#3188,#3189);
#2709=AXIS2_PLACEMENT_3D('',#4050,#3192,#3193);
#2710=AXIS2_PLACEMENT_3D('',#4054,#3196,#3197);
#2711=AXIS2_PLACEMENT_3D('',#4057,#3199,#3200);
#2712=AXIS2_PLACEMENT_3D('',#4058,#3201,#3202);
#2713=AXIS2_PLACEMENT_3D('',#4062,#3205,#3206);
#2714=AXIS2_PLACEMENT_3D('',#4069,#3209,#3210);
#2715=AXIS2_PLACEMENT_3D('',#4074,#3213,#3214);
#2716=AXIS2_PLACEMENT_3D('',#4077,#3215,#3216);
#2717=AXIS2_PLACEMENT_3D('',#4078,#3217,#3218);
#2718=AXIS2_PLACEMENT_3D('',#4079,#3219,#3220);
#2719=AXIS2_PLACEMENT_3D('',#4083,#3222,#3223);
#2720=AXIS2_PLACEMENT_3D('',#4087,#3225,#3226);
#2721=AXIS2_PLACEMENT_3D('',#4091,#3228,#3229);
#2722=AXIS2_PLACEMENT_3D('',#4093,#3230,#3231);
#2723=AXIS2_PLACEMENT_3D('',#4094,#3232,#3233);
#2724=AXIS2_PLACEMENT_3D('',#4095,#3234,#3235);
#2725=AXIS2_PLACEMENT_3D('',#4103,#3241,#3242);
#2726=AXIS2_PLACEMENT_3D('',#4105,#3244,#3245);
#2727=AXIS2_PLACEMENT_3D('',#4109,#3248,#3249);
#2728=AXIS2_PLACEMENT_3D('',#4111,#3250,#3251);
#2729=AXIS2_PLACEMENT_3D('',#4113,#3253,#3254);
#2730=AXIS2_PLACEMENT_3D('',#4115,#3256,#3257);
#2731=AXIS2_PLACEMENT_3D('',#4121,#3261,#3262);
#2732=AXIS2_PLACEMENT_3D('',#4127,#3265,#3266);
#2733=AXIS2_PLACEMENT_3D('',#4135,#3270,#3271);
#2734=AXIS2_PLACEMENT_3D('',#4143,#3275,#3276);
#2735=AXIS2_PLACEMENT_3D('',#4150,#3280,#3281);
#2736=AXIS2_PLACEMENT_3D('',#4151,#3282,#3283);
#2737=AXIS2_PLACEMENT_3D('',#4156,#3287,#3288);
#2738=AXIS2_PLACEMENT_3D('',#4165,#3294,#3295);
#2739=AXIS2_PLACEMENT_3D('',#4182,#3304,#3305);
#2740=AXIS2_PLACEMENT_3D('',#4196,#3313,#3314);
#2741=AXIS2_PLACEMENT_3D('',#4201,#3318,#3319);
#2742=AXIS2_PLACEMENT_3D('',#4202,#3320,#3321);
#2743=AXIS2_PLACEMENT_3D('',#4204,#3322,#3323);
#2744=AXIS2_PLACEMENT_3D('',#4209,#3326,#3327);
#2745=AXIS2_PLACEMENT_3D('',#4211,#3329,#3330);
#2746=AXIS2_PLACEMENT_3D('',#4214,#3333,#3334);
#2747=AXIS2_PLACEMENT_3D('',#4217,#3337,#3338);
#2748=AXIS2_PLACEMENT_3D('',#4218,#3339,#3340);
#2749=AXIS2_PLACEMENT_3D('',#4219,#3341,#3342);
#2750=AXIS2_PLACEMENT_3D('',#4220,#3343,#3344);
#2751=AXIS2_PLACEMENT_3D('',#4222,#3345,#3346);
#2752=AXIS2_PLACEMENT_3D('',#4226,#3348,#3349);
#2753=AXIS2_PLACEMENT_3D('',#4230,#3352,#3353);
#2754=AXIS2_PLACEMENT_3D('',#4231,#3354,#3355);
#2755=AXIS2_PLACEMENT_3D('',#4236,#3359,#3360);
#2756=AXIS2_PLACEMENT_3D('',#4237,#3361,#3362);
#2757=AXIS2_PLACEMENT_3D('',#4239,#3363,#3364);
#2758=AXIS2_PLACEMENT_3D('',#4243,#3366,#3367);
#2759=AXIS2_PLACEMENT_3D('',#4245,#3368,#3369);
#2760=AXIS2_PLACEMENT_3D('',#4246,#3370,#3371);
#2761=AXIS2_PLACEMENT_3D('',#4247,#3372,#3373);
#2762=AXIS2_PLACEMENT_3D('',#4250,#3376,#3377);
#2763=AXIS2_PLACEMENT_3D('',#4251,#3378,#3379);
#2764=AXIS2_PLACEMENT_3D('',#4253,#3380,#3381);
#2765=AXIS2_PLACEMENT_3D('',#4258,#3384,#3385);
#2766=AXIS2_PLACEMENT_3D('',#4260,#3387,#3388);
#2767=AXIS2_PLACEMENT_3D('',#4261,#3389,#3390);
#2768=AXIS2_PLACEMENT_3D('',#4262,#3391,#3392);
#2769=AXIS2_PLACEMENT_3D('',#4263,#3393,#3394);
#2770=AXIS2_PLACEMENT_3D('',#4264,#3395,#3396);
#2771=AXIS2_PLACEMENT_3D('',#4266,#3398,#3399);
#2772=AXIS2_PLACEMENT_3D('',#4267,#3400,#3401);
#2773=AXIS2_PLACEMENT_3D('',#4269,#3403,#3404);
#2774=AXIS2_PLACEMENT_3D('',#4270,#3405,#3406);
#2775=AXIS2_PLACEMENT_3D('',#4271,#3407,#3408);
#2776=AXIS2_PLACEMENT_3D('',#4272,#3409,#3410);
#2777=AXIS2_PLACEMENT_3D('',#4273,#3411,#3412);
#2778=AXIS2_PLACEMENT_3D('',#4274,#3413,#3414);
#2779=AXIS2_PLACEMENT_3D('',#4279,#3416,#3417);
#2780=AXIS2_PLACEMENT_3D('',#4282,#3419,#3420);
#2781=AXIS2_PLACEMENT_3D('',#4283,#3421,#3422);
#2782=AXIS2_PLACEMENT_3D('',#4288,#3424,#3425);
#2783=AXIS2_PLACEMENT_3D('',#4291,#3427,#3428);
#2784=AXIS2_PLACEMENT_3D('',#4292,#3429,#3430);
#2785=AXIS2_PLACEMENT_3D('',#4293,#3431,#3432);
#2786=AXIS2_PLACEMENT_3D('',#4294,#3433,#3434);
#2787=AXIS2_PLACEMENT_3D('',#4295,#3435,#3436);
#2788=AXIS2_PLACEMENT_3D('',#4296,#3437,#3438);
#2789=AXIS2_PLACEMENT_3D('',#4299,#3440,#3441);
#2790=AXIS2_PLACEMENT_3D('',#4300,#3442,#3443);
#2791=AXIS2_PLACEMENT_3D('',#4301,#3444,#3445);
#2792=AXIS2_PLACEMENT_3D('',#4303,#3447,#3448);
#2793=AXIS2_PLACEMENT_3D('',#4304,#3449,#3450);
#2794=AXIS2_PLACEMENT_3D('',#4305,#3451,#3452);
#2795=AXIS2_PLACEMENT_3D('',#4306,#3453,#3454);
#2796=AXIS2_PLACEMENT_3D('',#4308,#3456,#3457);
#2797=AXIS2_PLACEMENT_3D('',#4309,#3458,#3459);
#2798=AXIS2_PLACEMENT_3D('',#4310,#3460,#3461);
#2799=AXIS2_PLACEMENT_3D('',#4311,#3462,#3463);
#2800=AXIS2_PLACEMENT_3D('',#4312,#3464,#3465);
#2801=AXIS2_PLACEMENT_3D('',#4313,#3466,#3467);
#2802=AXIS2_PLACEMENT_3D('',#4314,#3468,#3469);
#2803=AXIS2_PLACEMENT_3D('',#4315,#3470,#3471);
#2804=AXIS2_PLACEMENT_3D('',#4316,#3472,#3473);
#2805=AXIS2_PLACEMENT_3D('',#4317,#3474,#3475);
#2806=AXIS2_PLACEMENT_3D('',#4318,#3476,#3477);
#2807=AXIS2_PLACEMENT_3D('',#4319,#3478,#3479);
#2808=AXIS2_PLACEMENT_3D('',#4322,#3480,#3481);
#2809=AXIS2_PLACEMENT_3D('',#4326,#3483,#3484);
#2810=AXIS2_PLACEMENT_3D('',#4328,#3486,#3487);
#2811=AXIS2_PLACEMENT_3D('',#4334,#3491,#3492);
#2812=AXIS2_PLACEMENT_3D('',#4338,#3494,#3495);
#2813=AXIS2_PLACEMENT_3D('',#4342,#3497,#3498);
#2814=AXIS2_PLACEMENT_3D('',#4356,#3505,#3506);
#2815=AXIS2_PLACEMENT_3D('',#4357,#3507,#3508);
#2816=AXIS2_PLACEMENT_3D('',#4361,#3510,#3511);
#2817=AXIS2_PLACEMENT_3D('',#4364,#3513,#3514);
#2818=AXIS2_PLACEMENT_3D('',#4365,#3515,#3516);
#2819=AXIS2_PLACEMENT_3D('',#4368,#3518,#3519);
#2820=AXIS2_PLACEMENT_3D('',#4369,#3520,#3521);
#2821=AXIS2_PLACEMENT_3D('',#4373,#3524,#3525);
#2822=AXIS2_PLACEMENT_3D('',#4376,#3527,#3528);
#2823=AXIS2_PLACEMENT_3D('',#4377,#3529,#3530);
#2824=AXIS2_PLACEMENT_3D('',#4381,#3533,#3534);
#2825=AXIS2_PLACEMENT_3D('',#4384,#3536,#3537);
#2826=AXIS2_PLACEMENT_3D('',#4385,#3538,#3539);
#2827=AXIS2_PLACEMENT_3D('',#4387,#3541,#3542);
#2828=AXIS2_PLACEMENT_3D('',#4393,#3546,#3547);
#2829=AXIS2_PLACEMENT_3D('',#4397,#3550,#3551);
#2830=AXIS2_PLACEMENT_3D('',#4401,#3554,#3555);
#2831=AXIS2_PLACEMENT_3D('',#4405,#3558,#3559);
#2832=AXIS2_PLACEMENT_3D('',#4409,#3562,#3563);
#2833=AXIS2_PLACEMENT_3D('',#4411,#3565,#3566);
#2834=AXIS2_PLACEMENT_3D('',#4414,#3568,#3569);
#2835=AXIS2_PLACEMENT_3D('',#4415,#3570,#3571);
#2836=AXIS2_PLACEMENT_3D('',#4417,#3573,#3574);
#2837=AXIS2_PLACEMENT_3D('',#4419,#3575,#3576);
#2838=AXIS2_PLACEMENT_3D('',#4421,#3578,#3579);
#2839=AXIS2_PLACEMENT_3D('',#4422,#3580,#3581);
#2840=AXIS2_PLACEMENT_3D('',#4423,#3582,#3583);
#2841=AXIS2_PLACEMENT_3D('',#4424,#3584,#3585);
#2842=DIRECTION('axis',(0.,0.,1.));
#2843=DIRECTION('refdir',(1.,0.,0.));
#2844=DIRECTION('axis',(0.,0.,1.));
#2845=DIRECTION('refdir',(1.,0.,0.));
#2846=DIRECTION('center_axis',(0.,0.,1.));
#2847=DIRECTION('ref_axis',(1.,0.,0.));
#2848=DIRECTION('center_axis',(0.,0.,1.));
#2849=DIRECTION('ref_axis',(1.,0.,0.));
#2850=DIRECTION('',(0.707106781186548,8.65956056235493E-17,-0.707106781186548));
#2851=DIRECTION('center_axis',(0.,0.,-1.));
#2852=DIRECTION('ref_axis',(1.,0.,0.));
#2853=DIRECTION('center_axis',(0.,0.,1.));
#2854=DIRECTION('ref_axis',(1.,0.,0.));
#2855=DIRECTION('',(0.,0.,-1.));
#2856=DIRECTION('center_axis',(0.,0.,1.));
#2857=DIRECTION('ref_axis',(1.,0.,0.));
#2858=DIRECTION('center_axis',(0.,0.,1.));
#2859=DIRECTION('ref_axis',(1.,0.,0.));
#2860=DIRECTION('center_axis',(0.,0.,1.));
#2861=DIRECTION('ref_axis',(1.,0.,0.));
#2862=DIRECTION('center_axis',(0.,0.,1.));
#2863=DIRECTION('ref_axis',(1.,0.,0.));
#2864=DIRECTION('center_axis',(0.,0.,1.));
#2865=DIRECTION('ref_axis',(1.,0.,0.));
#2866=DIRECTION('',(0.707106781186548,8.65956056235493E-17,-0.707106781186548));
#2867=DIRECTION('center_axis',(0.,0.,-1.));
#2868=DIRECTION('ref_axis',(1.,0.,0.));
#2869=DIRECTION('center_axis',(0.,0.,1.));
#2870=DIRECTION('ref_axis',(1.,0.,0.));
#2871=DIRECTION('',(0.,0.,-1.));
#2872=DIRECTION('center_axis',(0.,0.,1.));
#2873=DIRECTION('ref_axis',(1.,0.,0.));
#2874=DIRECTION('center_axis',(0.,0.,1.));
#2875=DIRECTION('ref_axis',(1.,0.,0.));
#2876=DIRECTION('center_axis',(0.,0.,1.));
#2877=DIRECTION('ref_axis',(1.,0.,0.));
#2878=DIRECTION('center_axis',(0.,0.,1.));
#2879=DIRECTION('ref_axis',(1.,0.,0.));
#2880=DIRECTION('center_axis',(0.,0.,1.));
#2881=DIRECTION('ref_axis',(1.,0.,0.));
#2882=DIRECTION('',(0.707106781186548,8.65956056235493E-17,-0.707106781186548));
#2883=DIRECTION('center_axis',(0.,0.,-1.));
#2884=DIRECTION('ref_axis',(1.,0.,0.));
#2885=DIRECTION('center_axis',(0.,0.,1.));
#2886=DIRECTION('ref_axis',(1.,0.,0.));
#2887=DIRECTION('',(0.,0.,-1.));
#2888=DIRECTION('center_axis',(0.,0.,1.));
#2889=DIRECTION('ref_axis',(1.,0.,0.));
#2890=DIRECTION('center_axis',(0.,0.,1.));
#2891=DIRECTION('ref_axis',(1.,0.,0.));
#2892=DIRECTION('center_axis',(0.,0.,1.));
#2893=DIRECTION('ref_axis',(1.,0.,0.));
#2894=DIRECTION('center_axis',(0.,0.,1.));
#2895=DIRECTION('ref_axis',(1.,0.,0.));
#2896=DIRECTION('center_axis',(0.,0.,1.));
#2897=DIRECTION('ref_axis',(1.,0.,0.));
#2898=DIRECTION('',(0.707106781186548,8.65956056235493E-17,-0.707106781186548));
#2899=DIRECTION('center_axis',(0.,0.,-1.));
#2900=DIRECTION('ref_axis',(1.,0.,0.));
#2901=DIRECTION('center_axis',(0.,0.,1.));
#2902=DIRECTION('ref_axis',(1.,0.,0.));
#2903=DIRECTION('',(0.,0.,-1.));
#2904=DIRECTION('center_axis',(0.,0.,1.));
#2905=DIRECTION('ref_axis',(1.,0.,0.));
#2906=DIRECTION('center_axis',(0.,0.,1.));
#2907=DIRECTION('ref_axis',(1.,0.,0.));
#2908=DIRECTION('center_axis',(0.,0.,1.));
#2909=DIRECTION('ref_axis',(1.,0.,0.));
#2910=DIRECTION('center_axis',(0.,0.,-1.));
#2911=DIRECTION('ref_axis',(1.,0.,0.));
#2912=DIRECTION('center_axis',(0.,0.,1.));
#2913=DIRECTION('ref_axis',(1.,0.,0.));
#2914=DIRECTION('',(0.707106781186548,-8.65956056235493E-17,0.707106781186548));
#2915=DIRECTION('center_axis',(0.,0.,-1.));
#2916=DIRECTION('ref_axis',(1.,0.,0.));
#2917=DIRECTION('center_axis',(0.,0.,1.));
#2918=DIRECTION('ref_axis',(-1.,0.,0.));
#2919=DIRECTION('center_axis',(0.,0.,-1.));
#2920=DIRECTION('ref_axis',(-1.,0.,0.));
#2921=DIRECTION('',(0.,0.,1.));
#2922=DIRECTION('center_axis',(0.,0.,1.));
#2923=DIRECTION('ref_axis',(-1.,0.,0.));
#2924=DIRECTION('',(0.,0.,1.));
#2925=DIRECTION('center_axis',(0.,0.,1.));
#2926=DIRECTION('ref_axis',(1.,0.,0.));
#2927=DIRECTION('',(1.,0.,0.));
#2928=DIRECTION('center_axis',(0.,0.,1.));
#2929=DIRECTION('ref_axis',(1.,0.,0.));
#2930=DIRECTION('center_axis',(0.,0.,1.));
#2931=DIRECTION('ref_axis',(1.,0.,0.));
#2932=DIRECTION('center_axis',(0.,0.,-1.));
#2933=DIRECTION('ref_axis',(1.,0.,0.));
#2934=DIRECTION('',(1.,0.,0.));
#2935=DIRECTION('',(0.,1.,0.));
#2936=DIRECTION('',(-1.,0.,0.));
#2937=DIRECTION('center_axis',(0.,0.,-1.));
#2938=DIRECTION('ref_axis',(1.,0.,0.));
#2939=DIRECTION('center_axis',(0.,0.,1.));
#2940=DIRECTION('ref_axis',(1.,0.,0.));
#2941=DIRECTION('center_axis',(0.,0.,1.));
#2942=DIRECTION('ref_axis',(1.,0.,0.));
#2943=DIRECTION('',(-1.,0.,0.));
#2944=DIRECTION('center_axis',(0.,0.,1.));
#2945=DIRECTION('ref_axis',(1.,0.,0.));
#2946=DIRECTION('center_axis',(0.,0.,-1.));
#2947=DIRECTION('ref_axis',(-1.,0.,0.));
#2948=DIRECTION('',(-1.,0.,0.));
#2949=DIRECTION('',(0.,-1.,0.));
#2950=DIRECTION('',(1.,0.,0.));
#2951=DIRECTION('center_axis',(0.,0.,1.));
#2952=DIRECTION('ref_axis',(1.,0.,0.));
#2953=DIRECTION('',(0.,0.,-1.));
#2954=DIRECTION('center_axis',(0.,0.,-1.));
#2955=DIRECTION('ref_axis',(1.,0.,0.));
#2956=DIRECTION('center_axis',(0.,0.,-1.));
#2957=DIRECTION('ref_axis',(1.,0.,0.));
#2958=DIRECTION('',(-0.707106781186548,-8.65956056235493E-17,-0.707106781186548));
#2959=DIRECTION('center_axis',(0.,-1.,0.));
#2960=DIRECTION('ref_axis',(1.,0.,0.));
#2961=DIRECTION('',(0.,0.,1.));
#2962=DIRECTION('',(1.,0.,0.));
#2963=DIRECTION('',(0.707106781186548,0.,0.707106781186547));
#2964=DIRECTION('',(0.,0.,1.));
#2965=DIRECTION('',(1.,0.,0.));
#2966=DIRECTION('',(0.,0.,-1.));
#2967=DIRECTION('',(0.707106781186547,0.,-0.707106781186548));
#2968=DIRECTION('',(1.,0.,0.));
#2969=DIRECTION('',(0.,0.,-1.));
#2970=DIRECTION('center_axis',(0.,0.,1.));
#2971=DIRECTION('ref_axis',(1.,0.,0.));
#2972=DIRECTION('',(0.,0.,-1.));
#2973=DIRECTION('center_axis',(0.,0.,-1.));
#2974=DIRECTION('ref_axis',(1.,0.,0.));
#2975=DIRECTION('center_axis',(0.,0.,-1.));
#2976=DIRECTION('ref_axis',(1.,0.,0.));
#2977=DIRECTION('',(-0.707106781186548,-8.65956056235494E-17,-0.707106781186547));
#2978=DIRECTION('center_axis',(-1.,0.,0.));
#2979=DIRECTION('ref_axis',(0.,-1.,0.));
#2980=DIRECTION('',(0.,0.,1.));
#2981=DIRECTION('',(0.,-1.,0.));
#2982=DIRECTION('center_axis',(0.,0.,1.));
#2983=DIRECTION('ref_axis',(1.,0.,0.));
#2984=DIRECTION('',(0.,0.,1.));
#2985=DIRECTION('center_axis',(0.,0.,1.));
#2986=DIRECTION('ref_axis',(1.,0.,0.));
#2987=DIRECTION('center_axis',(0.,0.,1.));
#2988=DIRECTION('ref_axis',(1.,0.,0.));
#2989=DIRECTION('',(0.,0.,-1.));
#2990=DIRECTION('center_axis',(0.,0.,-1.));
#2991=DIRECTION('ref_axis',(1.,0.,0.));
#2992=DIRECTION('center_axis',(0.,0.,-1.));
#2993=DIRECTION('ref_axis',(1.,0.,0.));
#2994=DIRECTION('',(-0.707106781186548,-8.65956056235494E-17,-0.707106781186547));
#2995=DIRECTION('center_axis',(1.,0.,0.));
#2996=DIRECTION('ref_axis',(0.,1.,0.));
#2997=DIRECTION('',(0.,0.,-1.));
#2998=DIRECTION('',(0.,1.,0.));
#2999=DIRECTION('',(0.,0.,1.));
#3000=DIRECTION('center_axis',(0.,1.,0.));
#3001=DIRECTION('ref_axis',(-1.,0.,0.));
#3002=DIRECTION('',(0.,0.,1.));
#3003=DIRECTION('',(-1.,0.,0.));
#3004=DIRECTION('',(-0.707106781186547,0.,0.707106781186548));
#3005=DIRECTION('',(0.,0.,1.));
#3006=DIRECTION('',(-1.,0.,0.));
#3007=DIRECTION('',(0.,0.,-1.));
#3008=DIRECTION('',(-0.707106781186547,0.,-0.707106781186548));
#3009=DIRECTION('',(-1.,0.,0.));
#3010=DIRECTION('center_axis',(0.,0.,1.));
#3011=DIRECTION('ref_axis',(1.,0.,0.));
#3012=DIRECTION('',(0.,0.,-1.));
#3013=DIRECTION('center_axis',(0.,0.,-1.));
#3014=DIRECTION('ref_axis',(1.,0.,0.));
#3015=DIRECTION('center_axis',(0.,0.,-1.));
#3016=DIRECTION('ref_axis',(1.,0.,0.));
#3017=DIRECTION('',(0.,0.,1.));
#3018=DIRECTION('center_axis',(0.,0.,-1.));
#3019=DIRECTION('ref_axis',(-1.,0.,0.));
#3020=DIRECTION('',(0.,0.,1.));
#3021=DIRECTION('center_axis',(0.,0.,-1.));
#3022=DIRECTION('ref_axis',(-1.,0.,0.));
#3023=DIRECTION('',(0.,0.,1.));
#3024=DIRECTION('center_axis',(-1.,0.,0.));
#3025=DIRECTION('ref_axis',(0.,-1.,0.));
#3026=DIRECTION('',(0.,-1.,0.));
#3027=DIRECTION('center_axis',(1.,0.,0.));
#3028=DIRECTION('ref_axis',(0.,1.,0.));
#3029=DIRECTION('',(0.,1.,0.));
#3030=DIRECTION('center_axis',(1.,2.09476042382105E-16,0.));
#3031=DIRECTION('ref_axis',(0.,0.,-1.));
#3032=DIRECTION('center_axis',(1.,2.09476042382105E-16,0.));
#3033=DIRECTION('ref_axis',(2.01858731750028E-16,-1.,0.));
#3034=DIRECTION('center_axis',(2.09476042382105E-16,-1.,-1.22464679914735E-16));
#3035=DIRECTION('ref_axis',(0.,-1.22464679914735E-16,1.));
#3036=DIRECTION('center_axis',(-1.,-2.09476042382105E-16,0.));
#3037=DIRECTION('ref_axis',(2.09476042382105E-16,-1.,0.));
#3038=DIRECTION('center_axis',(1.,2.09476042382105E-16,0.));
#3039=DIRECTION('ref_axis',(2.01858731750028E-16,-1.,0.));
#3040=DIRECTION('center_axis',(-1.,-2.09476042382105E-16,0.));
#3041=DIRECTION('ref_axis',(-2.09476042382105E-16,1.,0.));
#3042=DIRECTION('',(2.09476042382105E-16,-1.,0.));
#3043=DIRECTION('',(0.,0.,1.));
#3044=DIRECTION('',(2.09476042382105E-16,-1.,0.));
#3045=DIRECTION('',(0.,0.,-1.));
#3046=DIRECTION('',(-2.09476042382105E-16,1.,0.));
#3047=DIRECTION('',(0.,0.,1.));
#3048=DIRECTION('',(2.09476042382105E-16,-1.,0.));
#3049=DIRECTION('',(0.,0.,-1.));
#3050=DIRECTION('',(2.09476042382105E-16,-1.,0.));
#3051=DIRECTION('center_axis',(-1.,0.,0.));
#3052=DIRECTION('ref_axis',(0.,-1.,0.));
#3053=DIRECTION('center_axis',(-1.,0.,0.));
#3054=DIRECTION('ref_axis',(0.,-1.,0.));
#3055=DIRECTION('',(1.,0.,0.));
#3056=DIRECTION('center_axis',(0.,-1.,0.));
#3057=DIRECTION('ref_axis',(0.,0.,-1.));
#3058=DIRECTION('',(0.,0.,1.));
#3059=DIRECTION('',(1.,0.,0.));
#3060=DIRECTION('',(0.,0.,1.));
#3061=DIRECTION('',(-1.,0.,0.));
#3062=DIRECTION('center_axis',(-1.,0.,0.));
#3063=DIRECTION('ref_axis',(0.,-1.,0.));
#3064=DIRECTION('center_axis',(1.,0.,0.));
#3065=DIRECTION('ref_axis',(0.,-1.,0.));
#3066=DIRECTION('',(0.,-1.,0.));
#3067=DIRECTION('',(0.,0.,-1.));
#3068=DIRECTION('center_axis',(0.,1.,0.));
#3069=DIRECTION('ref_axis',(0.,0.,1.));
#3070=DIRECTION('',(0.,0.,-1.));
#3071=DIRECTION('',(1.,0.,0.));
#3072=DIRECTION('',(1.,0.,0.));
#3073=DIRECTION('center_axis',(0.,0.,-1.));
#3074=DIRECTION('ref_axis',(0.,1.,0.));
#3075=DIRECTION('',(0.,-1.,0.));
#3076=DIRECTION('center_axis',(-1.,0.,0.));
#3077=DIRECTION('ref_axis',(0.,-1.,0.));
#3078=DIRECTION('center_axis',(1.,0.,0.));
#3079=DIRECTION('ref_axis',(0.,-1.,0.));
#3080=DIRECTION('',(1.,0.,0.));
#3081=DIRECTION('center_axis',(-1.,0.,0.));
#3082=DIRECTION('ref_axis',(0.,-1.,0.));
#3083=DIRECTION('center_axis',(-1.,0.,0.));
#3084=DIRECTION('ref_axis',(0.,-1.,0.));
#3085=DIRECTION('center_axis',(-1.,0.,0.));
#3086=DIRECTION('ref_axis',(0.,-1.,0.));
#3087=DIRECTION('center_axis',(-0.707106781186547,-1.16303145087687E-15,
0.707106781186548));
#3088=DIRECTION('ref_axis',(0.707106781186548,0.,0.707106781186547));
#3089=DIRECTION('',(1.64477485129652E-15,-1.,0.));
#3090=DIRECTION('',(0.707106781186548,0.,0.707106781186547));
#3091=DIRECTION('',(-1.64477485129652E-15,1.,0.));
#3092=DIRECTION('center_axis',(0.,0.,-1.));
#3093=DIRECTION('ref_axis',(-2.53765262771463E-15,-1.,0.));
#3094=DIRECTION('',(2.53240719142544E-15,0.707106781186547,0.707106781186548));
#3095=DIRECTION('center_axis',(0.,0.,-1.));
#3096=DIRECTION('ref_axis',(-2.53765262771463E-15,-1.,0.));
#3097=DIRECTION('center_axis',(0.,0.,1.));
#3098=DIRECTION('ref_axis',(-2.53765262771463E-15,-1.,0.));
#3099=DIRECTION('center_axis',(0.,-0.707106781186547,0.707106781186548));
#3100=DIRECTION('ref_axis',(1.,0.,0.));
#3101=DIRECTION('',(0.,-0.707106781186548,-0.707106781186547));
#3102=DIRECTION('',(-1.,0.,0.));
#3103=DIRECTION('',(1.,0.,0.));
#3104=DIRECTION('center_axis',(1.,1.64477485129652E-15,0.));
#3105=DIRECTION('ref_axis',(-1.64477485129652E-15,1.,0.));
#3106=DIRECTION('',(0.,0.,1.));
#3107=DIRECTION('',(-1.64477485129652E-15,1.,0.));
#3108=DIRECTION('center_axis',(0.,0.,-1.));
#3109=DIRECTION('ref_axis',(-2.53765262771463E-15,-1.,0.));
#3110=DIRECTION('',(0.,0.,1.));
#3111=DIRECTION('center_axis',(0.,0.,-1.));
#3112=DIRECTION('ref_axis',(-2.53765262771463E-15,-1.,0.));
#3113=DIRECTION('center_axis',(0.,1.,0.));
#3114=DIRECTION('ref_axis',(-1.,0.,0.));
#3115=DIRECTION('',(0.,0.,-1.));
#3116=DIRECTION('',(-1.,0.,0.));
#3117=DIRECTION('center_axis',(0.707106781186548,-1.16303145087687E-15,
0.707106781186547));
#3118=DIRECTION('ref_axis',(0.707106781186547,0.,-0.707106781186548));
#3119=DIRECTION('',(-1.64477485129652E-15,-1.,0.));
#3120=DIRECTION('',(0.707106781186547,0.,-0.707106781186548));
#3121=DIRECTION('',(1.64477485129652E-15,1.,0.));
#3122=DIRECTION('center_axis',(0.,0.,-1.));
#3123=DIRECTION('ref_axis',(2.53765262771463E-15,-1.,0.));
#3124=DIRECTION('',(2.53240719142544E-15,-0.707106781186547,-0.707106781186548));
#3125=DIRECTION('center_axis',(0.,0.,1.));
#3126=DIRECTION('ref_axis',(2.53765262771463E-15,-1.,0.));
#3127=DIRECTION('center_axis',(0.,0.,-1.));
#3128=DIRECTION('ref_axis',(2.53765262771463E-15,-1.,0.));
#3129=DIRECTION('center_axis',(0.,-0.707106781186547,0.707106781186548));
#3130=DIRECTION('ref_axis',(1.,0.,0.));
#3131=DIRECTION('',(0.,0.707106781186548,0.707106781186547));
#3132=DIRECTION('',(1.,0.,0.));
#3133=DIRECTION('',(-1.,0.,0.));
#3134=DIRECTION('center_axis',(0.,0.,1.));
#3135=DIRECTION('ref_axis',(-1.,0.,0.));
#3136=DIRECTION('',(0.,1.,0.));
#3137=DIRECTION('',(-1.,0.,0.));
#3138=DIRECTION('center_axis',(-0.707106781186548,1.16303145087687E-15,
0.707106781186547));
#3139=DIRECTION('ref_axis',(0.707106781186547,0.,0.707106781186548));
#3140=DIRECTION('',(1.64477485129652E-15,1.,0.));
#3141=DIRECTION('',(-0.707106781186547,0.,-0.707106781186548));
#3142=DIRECTION('',(-1.64477485129652E-15,-1.,0.));
#3143=DIRECTION('center_axis',(0.,0.,-1.));
#3144=DIRECTION('ref_axis',(-2.53765262771463E-15,1.,0.));
#3145=DIRECTION('',(-2.53240719142544E-15,0.707106781186547,-0.707106781186548));
#3146=DIRECTION('center_axis',(0.,0.,1.));
#3147=DIRECTION('ref_axis',(-2.53765262771463E-15,1.,0.));
#3148=DIRECTION('center_axis',(0.,0.,-1.));
#3149=DIRECTION('ref_axis',(-2.53765262771463E-15,1.,0.));
#3150=DIRECTION('center_axis',(0.,0.707106781186547,0.707106781186548));
#3151=DIRECTION('ref_axis',(1.,0.,0.));
#3152=DIRECTION('',(0.,-0.707106781186548,0.707106781186547));
#3153=DIRECTION('',(-1.,0.,0.));
#3154=DIRECTION('',(1.,0.,0.));
#3155=DIRECTION('center_axis',(-1.,0.,0.));
#3156=DIRECTION('ref_axis',(0.,-1.,0.));
#3157=DIRECTION('',(0.,-1.,0.));
#3158=DIRECTION('',(0.,0.,-1.));
#3159=DIRECTION('',(0.,0.,1.));
#3160=DIRECTION('',(0.,-1.,0.));
#3161=DIRECTION('',(0.,0.,1.));
#3162=DIRECTION('',(0.,-1.,0.));
#3163=DIRECTION('center_axis',(0.,1.,0.));
#3164=DIRECTION('ref_axis',(-1.,0.,0.));
#3165=DIRECTION('',(0.,0.,1.));
#3166=DIRECTION('',(-1.,0.,0.));
#3167=DIRECTION('center_axis',(0.,0.,1.));
#3168=DIRECTION('ref_axis',(-2.53765262771463E-15,1.,0.));
#3169=DIRECTION('',(0.,0.,1.));
#3170=DIRECTION('center_axis',(0.,0.,1.));
#3171=DIRECTION('ref_axis',(-2.53765262771463E-15,1.,0.));
#3172=DIRECTION('center_axis',(-1.,1.64477485129652E-15,0.));
#3173=DIRECTION('ref_axis',(-1.64477485129652E-15,-1.,0.));
#3174=DIRECTION('',(-1.64477485129652E-15,-1.,0.));
#3175=DIRECTION('center_axis',(0.,0.707106781186547,0.707106781186548));
#3176=DIRECTION('ref_axis',(1.,0.,0.));
#3177=DIRECTION('',(0.,0.707106781186548,-0.707106781186547));
#3178=DIRECTION('',(1.,0.,0.));
#3179=DIRECTION('',(0.,0.707106781186549,-0.707106781186546));
#3180=DIRECTION('',(-1.,0.,0.));
#3181=DIRECTION('center_axis',(0.,0.,-1.));
#3182=DIRECTION('ref_axis',(2.53765262771463E-15,1.,0.));
#3183=DIRECTION('',(0.707106781186547,2.53240719142545E-15,-0.707106781186548));
#3184=DIRECTION('center_axis',(0.,0.,1.));
#3185=DIRECTION('ref_axis',(2.53765262771463E-15,1.,0.));
#3186=DIRECTION('center_axis',(0.,0.,-1.));
#3187=DIRECTION('ref_axis',(2.53765262771463E-15,1.,0.));
#3188=DIRECTION('center_axis',(0.707106781186548,1.16303145087687E-15,0.707106781186547));
#3189=DIRECTION('ref_axis',(0.707106781186547,0.,-0.707106781186548));
#3190=DIRECTION('',(-1.64477485129652E-15,1.,0.));
#3191=DIRECTION('',(1.64477485129652E-15,-1.,0.));
#3192=DIRECTION('center_axis',(-1.,-1.64477485129652E-15,0.));
#3193=DIRECTION('ref_axis',(1.64477485129652E-15,-1.,0.));
#3194=DIRECTION('',(0.,0.,1.));
#3195=DIRECTION('',(1.64477485129652E-15,-1.,0.));
#3196=DIRECTION('center_axis',(0.,0.,-1.));
#3197=DIRECTION('ref_axis',(2.53765262771463E-15,1.,0.));
#3198=DIRECTION('',(0.,0.,1.));
#3199=DIRECTION('center_axis',(0.,0.,-1.));
#3200=DIRECTION('ref_axis',(2.53765262771463E-15,1.,0.));
#3201=DIRECTION('center_axis',(0.,-1.,0.));
#3202=DIRECTION('ref_axis',(1.,0.,0.));
#3203=DIRECTION('',(0.,0.,-1.));
#3204=DIRECTION('',(1.,0.,0.));
#3205=DIRECTION('center_axis',(0.,0.,1.));
#3206=DIRECTION('ref_axis',(1.,0.,0.));
#3207=DIRECTION('',(1.,0.,0.));
#3208=DIRECTION('',(0.,1.,0.));
#3209=DIRECTION('center_axis',(0.,0.,-1.));
#3210=DIRECTION('ref_axis',(1.,0.,0.));
#3211=DIRECTION('',(1.,-2.11471049158389E-16,0.));
#3212=DIRECTION('',(-2.09476042382105E-16,1.,0.));
#3213=DIRECTION('center_axis',(0.,0.,1.));
#3214=DIRECTION('ref_axis',(0.,-1.,0.));
#3215=DIRECTION('center_axis',(0.,0.,-1.));
#3216=DIRECTION('ref_axis',(1.,0.,0.));
#3217=DIRECTION('center_axis',(0.,0.,-1.));
#3218=DIRECTION('ref_axis',(1.,0.,0.));
#3219=DIRECTION('center_axis',(0.,0.,-1.));
#3220=DIRECTION('ref_axis',(-1.,0.,0.));
#3221=DIRECTION('',(1.,0.,0.));
#3222=DIRECTION('center_axis',(0.,0.,1.));
#3223=DIRECTION('ref_axis',(-1.,2.96059473233376E-15,0.));
#3224=DIRECTION('',(-1.,-2.11471049158389E-16,0.));
#3225=DIRECTION('center_axis',(0.,0.,1.));
#3226=DIRECTION('ref_axis',(-1.,0.,0.));
#3227=DIRECTION('',(0.,1.,0.));
#3228=DIRECTION('center_axis',(0.,0.,-1.));
#3229=DIRECTION('ref_axis',(-1.,0.,0.));
#3230=DIRECTION('center_axis',(0.,0.,-1.));
#3231=DIRECTION('ref_axis',(1.,0.,0.));
#3232=DIRECTION('center_axis',(0.,0.,-1.));
#3233=DIRECTION('ref_axis',(1.,0.,0.));
#3234=DIRECTION('center_axis',(1.,0.,0.));
#3235=DIRECTION('ref_axis',(0.,1.,0.));
#3236=DIRECTION('',(0.,0.,1.));
#3237=DIRECTION('',(0.,1.,0.));
#3238=DIRECTION('',(0.,1.,0.));
#3239=DIRECTION('',(0.,0.,-1.));
#3240=DIRECTION('',(0.,0.,1.));
#3241=DIRECTION('center_axis',(0.,0.,-1.));
#3242=DIRECTION('ref_axis',(-1.,0.,0.));
#3243=DIRECTION('',(-1.,0.,0.));
#3244=DIRECTION('center_axis',(1.,-1.64477485129652E-15,0.));
#3245=DIRECTION('ref_axis',(1.64477485129652E-15,1.,0.));
#3246=DIRECTION('',(1.64477485129652E-15,1.,0.));
#3247=DIRECTION('',(0.,0.,1.));
#3248=DIRECTION('center_axis',(0.,0.,1.));
#3249=DIRECTION('ref_axis',(2.53765262771463E-15,-1.,0.));
#3250=DIRECTION('center_axis',(0.,0.,1.));
#3251=DIRECTION('ref_axis',(2.53765262771463E-15,-1.,0.));
#3252=DIRECTION('',(0.,0.,1.));
#3253=DIRECTION('center_axis',(0.,-1.,0.));
#3254=DIRECTION('ref_axis',(1.,0.,0.));
#3255=DIRECTION('',(1.,0.,0.));
#3256=DIRECTION('center_axis',(-2.11471049158389E-16,1.,0.));
#3257=DIRECTION('ref_axis',(-1.,-2.11471049158389E-16,0.));
#3258=DIRECTION('',(-0.707106781186546,-1.49532612884531E-16,0.707106781186549));
#3259=DIRECTION('',(-1.,-2.11471049158389E-16,0.));
#3260=DIRECTION('',(0.,0.,1.));
#3261=DIRECTION('center_axis',(0.,0.,1.));
#3262=DIRECTION('ref_axis',(1.,0.,0.));
#3263=DIRECTION('',(2.09476042382105E-16,-1.,0.));
#3264=DIRECTION('',(1.,-2.11471049158389E-16,0.));
#3265=DIRECTION('center_axis',(0.,0.,1.));
#3266=DIRECTION('ref_axis',(-1.,0.,0.));
#3267=DIRECTION('',(0.,1.,0.));
#3268=DIRECTION('',(-1.,0.,0.));
#3269=DIRECTION('',(0.,-1.,0.));
#3270=DIRECTION('center_axis',(0.,0.,1.));
#3271=DIRECTION('ref_axis',(1.,0.,0.));
#3272=DIRECTION('',(1.,2.11471049158389E-16,0.));
#3273=DIRECTION('',(-2.09476042382105E-16,1.,0.));
#3274=DIRECTION('',(-1.,2.11471049158389E-16,0.));
#3275=DIRECTION('center_axis',(0.,0.,1.));
#3276=DIRECTION('ref_axis',(1.,0.,0.));
#3277=DIRECTION('',(0.,-1.,0.));
#3278=DIRECTION('',(1.,0.,0.));
#3279=DIRECTION('',(0.,1.,0.));
#3280=DIRECTION('center_axis',(0.,0.,1.));
#3281=DIRECTION('ref_axis',(-1.,0.,0.));
#3282=DIRECTION('center_axis',(1.,0.,0.));
#3283=DIRECTION('ref_axis',(0.,1.,0.));
#3284=DIRECTION('',(0.,0.707106781186549,-0.707106781186546));
#3285=DIRECTION('',(0.,0.,-1.));
#3286=DIRECTION('',(0.,0.,1.));
#3287=DIRECTION('center_axis',(0.,-1.,0.));
#3288=DIRECTION('ref_axis',(-1.,0.,0.));
#3289=DIRECTION('',(-1.,0.,0.));
#3290=DIRECTION('',(0.,0.,1.));
#3291=DIRECTION('',(0.,0.,1.));
#3292=DIRECTION('',(1.,0.,0.));
#3293=DIRECTION('',(0.,0.,1.));
#3294=DIRECTION('center_axis',(0.,1.,0.));
#3295=DIRECTION('ref_axis',(1.,0.,0.));
#3296=DIRECTION('',(1.,0.,0.));
#3297=DIRECTION('',(0.,0.,1.));
#3298=DIRECTION('',(-1.,0.,0.));
#3299=DIRECTION('',(0.,0.,1.));
#3300=DIRECTION('',(-1.,0.,0.));
#3301=DIRECTION('',(0.,0.,1.));
#3302=DIRECTION('',(-1.,0.,0.));
#3303=DIRECTION('',(0.,0.,-1.));
#3304=DIRECTION('center_axis',(1.,2.09476042382105E-16,0.));
#3305=DIRECTION('ref_axis',(2.09476042382105E-16,-1.,0.));
#3306=DIRECTION('',(2.09476042382105E-16,-1.,0.));
#3307=DIRECTION('',(0.,0.,1.));
#3308=DIRECTION('',(-2.09476042382105E-16,1.,0.));
#3309=DIRECTION('',(0.,0.,1.));
#3310=DIRECTION('',(-2.09476042382105E-16,1.,0.));
#3311=DIRECTION('',(0.,0.,1.));
#3312=DIRECTION('',(0.,0.,-1.));
#3313=DIRECTION('center_axis',(-1.,0.,0.));
#3314=DIRECTION('ref_axis',(0.,-1.,0.));
#3315=DIRECTION('',(0.,-0.707106781186549,-0.707106781186546));
#3316=DIRECTION('',(0.,-1.,0.));
#3317=DIRECTION('',(0.,0.,1.));
#3318=DIRECTION('center_axis',(0.,0.,1.));
#3319=DIRECTION('ref_axis',(-1.,0.,0.));
#3320=DIRECTION('center_axis',(0.,0.,1.));
#3321=DIRECTION('ref_axis',(1.,0.,0.));
#3322=DIRECTION('center_axis',(0.,0.,1.));
#3323=DIRECTION('ref_axis',(1.,0.,0.));
#3324=DIRECTION('',(0.,0.,-1.));
#3325=DIRECTION('',(0.,0.,1.));
#3326=DIRECTION('center_axis',(0.,0.,-1.));
#3327=DIRECTION('ref_axis',(-1.,0.,0.));
#3328=DIRECTION('',(0.,0.,1.));
#3329=DIRECTION('center_axis',(-2.11471049158389E-16,-1.,0.));
#3330=DIRECTION('ref_axis',(1.,-2.11471049158389E-16,0.));
#3331=DIRECTION('',(-0.707106781186549,1.49532612884531E-16,-0.707106781186546));
#3332=DIRECTION('',(0.,0.,1.));
#3333=DIRECTION('center_axis',(1.,0.,0.));
#3334=DIRECTION('ref_axis',(0.,1.,0.));
#3335=DIRECTION('',(0.,-0.707106781186549,0.707106781186546));
#3336=DIRECTION('',(0.,0.,1.));
#3337=DIRECTION('center_axis',(0.,0.,-1.));
#3338=DIRECTION('ref_axis',(1.,0.,0.));
#3339=DIRECTION('center_axis',(0.,0.,-1.));
#3340=DIRECTION('ref_axis',(0.,-1.,0.));
#3341=DIRECTION('center_axis',(0.,0.,1.));
#3342=DIRECTION('ref_axis',(0.,-1.,0.));
#3343=DIRECTION('center_axis',(0.,0.,1.));
#3344=DIRECTION('ref_axis',(1.,0.,0.));
#3345=DIRECTION('center_axis',(0.,0.,-1.));
#3346=DIRECTION('ref_axis',(1.,0.,0.));
#3347=DIRECTION('',(0.,0.,-1.));
#3348=DIRECTION('center_axis',(0.,0.,1.));
#3349=DIRECTION('ref_axis',(1.,0.,0.));
#3350=DIRECTION('',(0.,0.,1.));
#3351=DIRECTION('',(0.,0.,1.));
#3352=DIRECTION('center_axis',(0.,0.,1.));
#3353=DIRECTION('ref_axis',(1.,0.,0.));
#3354=DIRECTION('center_axis',(-1.,0.,0.));
#3355=DIRECTION('ref_axis',(0.,-1.,0.));
#3356=DIRECTION('',(0.,0.707106781186549,0.707106781186546));
#3357=DIRECTION('',(0.,0.,1.));
#3358=DIRECTION('',(0.,-1.,0.));
#3359=DIRECTION('center_axis',(0.,0.,1.));
#3360=DIRECTION('ref_axis',(-1.,0.,0.));
#3361=DIRECTION('center_axis',(0.,0.,1.));
#3362=DIRECTION('ref_axis',(0.,1.,0.));
#3363=DIRECTION('center_axis',(0.,0.,-1.));
#3364=DIRECTION('ref_axis',(-1.,0.,0.));
#3365=DIRECTION('',(-1.,2.11471049158389E-16,0.));
#3366=DIRECTION('center_axis',(0.,0.,-1.));
#3367=DIRECTION('ref_axis',(1.,0.,0.));
#3368=DIRECTION('center_axis',(0.,0.,-1.));
#3369=DIRECTION('ref_axis',(-1.,0.,0.));
#3370=DIRECTION('center_axis',(0.,0.,-1.));
#3371=DIRECTION('ref_axis',(1.,0.,0.));
#3372=DIRECTION('center_axis',(2.11471049158389E-16,1.,0.));
#3373=DIRECTION('ref_axis',(-1.,2.11471049158389E-16,0.));
#3374=DIRECTION('',(0.707106781186549,-1.49532612884531E-16,-0.707106781186546));
#3375=DIRECTION('',(0.,0.,1.));
#3376=DIRECTION('center_axis',(0.,0.,-1.));
#3377=DIRECTION('ref_axis',(-1.,0.,0.));
#3378=DIRECTION('center_axis',(0.,0.,1.));
#3379=DIRECTION('ref_axis',(1.,0.,0.));
#3380=DIRECTION('center_axis',(0.,0.,-1.));
#3381=DIRECTION('ref_axis',(1.,0.,0.));
#3382=DIRECTION('',(0.,0.,-1.));
#3383=DIRECTION('',(0.,0.,1.));
#3384=DIRECTION('center_axis',(0.,0.,1.));
#3385=DIRECTION('ref_axis',(-1.,0.,0.));
#3386=DIRECTION('',(0.,0.,1.));
#3387=DIRECTION('center_axis',(0.,0.,1.));
#3388=DIRECTION('ref_axis',(0.707106759834374,0.707106802538721,0.));
#3389=DIRECTION('center_axis',(0.,1.,0.));
#3390=DIRECTION('ref_axis',(-1.,0.,0.));
#3391=DIRECTION('center_axis',(0.,-0.707106781186547,-0.707106781186548));
#3392=DIRECTION('ref_axis',(-1.,0.,0.));
#3393=DIRECTION('center_axis',(0.,0.,-1.));
#3394=DIRECTION('ref_axis',(-0.707106759834365,0.707106802538729,0.));
#3395=DIRECTION('center_axis',(0.,0.,1.));
#3396=DIRECTION('ref_axis',(1.,0.,0.));
#3397=DIRECTION('',(1.,0.,0.));
#3398=DIRECTION('center_axis',(0.,-1.,0.));
#3399=DIRECTION('ref_axis',(1.,0.,0.));
#3400=DIRECTION('center_axis',(0.707106781186549,1.48121930064507E-16,-0.707106781186546));
#3401=DIRECTION('ref_axis',(-0.707106781186546,0.,-0.707106781186549));
#3402=DIRECTION('',(0.707106781186546,1.49532612884531E-16,0.707106781186549));
#3403=DIRECTION('center_axis',(0.,0.,-1.));
#3404=DIRECTION('ref_axis',(0.707106759834367,-0.707106802538728,0.));
#3405=DIRECTION('center_axis',(0.,1.,0.));
#3406=DIRECTION('ref_axis',(-1.,0.,0.));
#3407=DIRECTION('center_axis',(0.,0.,-1.));
#3408=DIRECTION('ref_axis',(0.,1.,0.));
#3409=DIRECTION('center_axis',(0.,0.,1.));
#3410=DIRECTION('ref_axis',(0.,1.,0.));
#3411=DIRECTION('center_axis',(-0.707106781186549,-1.48121930064507E-16,
-0.707106781186546));
#3412=DIRECTION('ref_axis',(-0.707106781186546,0.,0.707106781186549));
#3413=DIRECTION('center_axis',(0.,0.,1.));
#3414=DIRECTION('ref_axis',(1.,0.,0.));
#3415=DIRECTION('',(0.,0.,-1.));
#3416=DIRECTION('center_axis',(0.,0.,1.));
#3417=DIRECTION('ref_axis',(1.,0.,0.));
#3418=DIRECTION('',(0.,0.,1.));
#3419=DIRECTION('center_axis',(0.,0.,-1.));
#3420=DIRECTION('ref_axis',(1.,0.,0.));
#3421=DIRECTION('center_axis',(0.,0.,1.));
#3422=DIRECTION('ref_axis',(1.,0.,0.));
#3423=DIRECTION('',(0.,0.,1.));
#3424=DIRECTION('center_axis',(0.,0.,-1.));
#3425=DIRECTION('ref_axis',(1.,0.,0.));
#3426=DIRECTION('',(0.,0.,1.));
#3427=DIRECTION('center_axis',(0.,0.,1.));
#3428=DIRECTION('ref_axis',(1.,0.,0.));
#3429=DIRECTION('center_axis',(0.,0.,-1.));
#3430=DIRECTION('ref_axis',(-1.,0.,0.));
#3431=DIRECTION('center_axis',(0.,0.,-1.));
#3432=DIRECTION('ref_axis',(-1.,0.,0.));
#3433=DIRECTION('center_axis',(0.,0.,1.));
#3434=DIRECTION('ref_axis',(-1.,0.,0.));
#3435=DIRECTION('center_axis',(0.,0.,-1.));
#3436=DIRECTION('ref_axis',(1.,0.,0.));
#3437=DIRECTION('center_axis',(0.,0.,1.));
#3438=DIRECTION('ref_axis',(1.,0.,0.));
#3439=DIRECTION('',(1.,2.11471049158389E-16,0.));
#3440=DIRECTION('center_axis',(0.,0.,1.));
#3441=DIRECTION('ref_axis',(1.,0.,0.));
#3442=DIRECTION('center_axis',(0.,0.,-1.));
#3443=DIRECTION('ref_axis',(-1.,0.,0.));
#3444=DIRECTION('center_axis',(2.11471049158389E-16,-1.,0.));
#3445=DIRECTION('ref_axis',(1.,2.11471049158389E-16,0.));
#3446=DIRECTION('',(0.,0.,1.));
#3447=DIRECTION('center_axis',(0.,0.,1.));
#3448=DIRECTION('ref_axis',(1.,0.,0.));
#3449=DIRECTION('center_axis',(0.,0.,-1.));
#3450=DIRECTION('ref_axis',(-1.,0.,0.));
#3451=DIRECTION('center_axis',(0.,0.,1.));
#3452=DIRECTION('ref_axis',(-1.,0.,0.));
#3453=DIRECTION('center_axis',(0.,-1.,0.));
#3454=DIRECTION('ref_axis',(1.,0.,0.));
#3455=DIRECTION('',(1.,0.,0.));
#3456=DIRECTION('center_axis',(0.,0.,-1.));
#3457=DIRECTION('ref_axis',(1.,0.,0.));
#3458=DIRECTION('center_axis',(0.,0.,-1.));
#3459=DIRECTION('ref_axis',(1.,0.,0.));
#3460=DIRECTION('center_axis',(0.,0.,1.));
#3461=DIRECTION('ref_axis',(1.,0.,0.));
#3462=DIRECTION('center_axis',(0.,0.,1.));
#3463=DIRECTION('ref_axis',(1.,0.,0.));
#3464=DIRECTION('center_axis',(0.,0.,1.));
#3465=DIRECTION('ref_axis',(-1.,2.96059473233376E-15,0.));
#3466=DIRECTION('center_axis',(0.,0.707106781186547,-0.707106781186548));
#3467=DIRECTION('ref_axis',(-1.,0.,0.));
#3468=DIRECTION('center_axis',(0.,0.,1.));
#3469=DIRECTION('ref_axis',(1.,0.,0.));
#3470=DIRECTION('center_axis',(0.,0.,1.));
#3471=DIRECTION('ref_axis',(1.,0.,0.));
#3472=DIRECTION('center_axis',(0.,0.,1.));
#3473=DIRECTION('ref_axis',(1.,0.,0.));
#3474=DIRECTION('center_axis',(0.,0.,-1.));
#3475=DIRECTION('ref_axis',(-1.,2.96059473233376E-15,0.));
#3476=DIRECTION('center_axis',(0.,0.,1.));
#3477=DIRECTION('ref_axis',(1.,0.,0.));
#3478=DIRECTION('center_axis',(-1.,0.,0.));
#3479=DIRECTION('ref_axis',(0.,-0.707106781186548,-0.707106781186548));
#3480=DIRECTION('center_axis',(1.,0.,0.));
#3481=DIRECTION('ref_axis',(0.,-0.707106781186548,-0.707106781186548));
#3482=DIRECTION('',(1.,0.,0.));
#3483=DIRECTION('center_axis',(-1.,0.,0.));
#3484=DIRECTION('ref_axis',(0.,-0.707106781186548,-0.707106781186548));
#3485=DIRECTION('',(-1.,0.,0.));
#3486=DIRECTION('center_axis',(0.,0.,-1.));
#3487=DIRECTION('ref_axis',(0.,-1.,0.));
#3488=DIRECTION('',(0.,-1.,0.));
#3489=DIRECTION('',(-1.,0.,0.));
#3490=DIRECTION('',(0.,-1.,0.));
#3491=DIRECTION('center_axis',(-1.,0.,0.));
#3492=DIRECTION('ref_axis',(0.,0.,1.));
#3493=DIRECTION('',(0.,0.,1.));
#3494=DIRECTION('center_axis',(1.,0.,0.));
#3495=DIRECTION('ref_axis',(0.,-0.707106781186548,0.707106781186548));
#3496=DIRECTION('',(0.,1.,0.));
#3497=DIRECTION('center_axis',(-1.,0.,0.));
#3498=DIRECTION('ref_axis',(0.,-0.571428571428571,-0.82065180664829));
#3499=DIRECTION('',(0.,-7.26719500169787E-16,1.));
#3500=DIRECTION('',(0.,-0.707106781186547,0.707106781186548));
#3501=DIRECTION('',(0.,-1.,0.));
#3502=DIRECTION('',(0.,-0.707106791532086,-0.707106770841009));
#3503=DIRECTION('',(0.,-2.92616037620093E-8,-1.));
#3504=DIRECTION('',(0.,0.,-1.));
#3505=DIRECTION('center_axis',(-1.,0.,0.));
#3506=DIRECTION('ref_axis',(0.,-0.571428571428571,-0.82065180664829));
#3507=DIRECTION('center_axis',(-1.,0.,0.));
#3508=DIRECTION('ref_axis',(0.,-0.571428571428571,-0.82065180664829));
#3509=DIRECTION('',(0.,1.,0.));
#3510=DIRECTION('center_axis',(1.,0.,0.));
#3511=DIRECTION('ref_axis',(0.,0.707106781186548,0.707106781186548));
#3512=DIRECTION('',(0.,0.,-1.));
#3513=DIRECTION('center_axis',(1.,0.,0.));
#3514=DIRECTION('ref_axis',(0.,0.707106781186548,-0.707106781186548));
#3515=DIRECTION('center_axis',(-1.,0.,0.));
#3516=DIRECTION('ref_axis',(0.,0.707106781186548,-0.707106781186548));
#3517=DIRECTION('',(1.,0.,0.));
#3518=DIRECTION('center_axis',(-1.,0.,0.));
#3519=DIRECTION('ref_axis',(0.,0.707106781186548,-0.707106781186548));
#3520=DIRECTION('center_axis',(0.,1.,0.));
#3521=DIRECTION('ref_axis',(0.,0.,-1.));
#3522=DIRECTION('',(-1.,0.,0.));
#3523=DIRECTION('',(0.,0.,-1.));
#3524=DIRECTION('center_axis',(-1.,0.,0.));
#3525=DIRECTION('ref_axis',(0.,0.707106781186548,0.707106781186548));
#3526=DIRECTION('',(1.,0.,0.));
#3527=DIRECTION('center_axis',(-1.,0.,0.));
#3528=DIRECTION('ref_axis',(0.,0.707106781186548,0.707106781186548));
#3529=DIRECTION('center_axis',(0.,0.,1.));
#3530=DIRECTION('ref_axis',(0.,1.,0.));
#3531=DIRECTION('',(-1.,0.,0.));
#3532=DIRECTION('',(0.,1.,0.));
#3533=DIRECTION('center_axis',(-1.,0.,0.));
#3534=DIRECTION('ref_axis',(0.,-0.707106781186548,0.707106781186548));
#3535=DIRECTION('',(1.,0.,0.));
#3536=DIRECTION('center_axis',(-1.,0.,0.));
#3537=DIRECTION('ref_axis',(0.,-0.707106781186548,0.707106781186548));
#3538=DIRECTION('center_axis',(0.,-1.,0.));
#3539=DIRECTION('ref_axis',(0.,0.,1.));
#3540=DIRECTION('',(0.,0.,1.));
#3541=DIRECTION('center_axis',(0.,1.,0.));
#3542=DIRECTION('ref_axis',(-1.,0.,0.));
#3543=DIRECTION('',(1.,0.,0.));
#3544=DIRECTION('',(0.,0.,1.));
#3545=DIRECTION('',(-1.,0.,0.));
#3546=DIRECTION('center_axis',(0.,1.,-2.92616037620093E-8));
#3547=DIRECTION('ref_axis',(0.,2.92616037620093E-8,1.));
#3548=DIRECTION('',(1.,0.,0.));
#3549=DIRECTION('',(0.,-2.92616037620093E-8,-1.));
#3550=DIRECTION('center_axis',(0.,0.707106770841009,-0.707106791532086));
#3551=DIRECTION('ref_axis',(-1.,0.,0.));
#3552=DIRECTION('',(-1.,0.,0.));
#3553=DIRECTION('',(-0.577350263558228,0.577350280452422,0.577350263558227));
#3554=DIRECTION('center_axis',(0.,0.,-1.));
#3555=DIRECTION('ref_axis',(0.,1.,0.));
#3556=DIRECTION('',(1.,0.,0.));
#3557=DIRECTION('',(0.,-1.,0.));
#3558=DIRECTION('center_axis',(0.,-0.707106781186548,-0.707106781186547));
#3559=DIRECTION('ref_axis',(-1.,0.,0.));
#3560=DIRECTION('',(-1.,0.,0.));
#3561=DIRECTION('',(0.577350269189626,0.577350269189626,-0.577350269189626));
#3562=DIRECTION('center_axis',(-0.707106781186548,0.,-0.707106781186547));
#3563=DIRECTION('ref_axis',(-0.707106781186547,0.,0.707106781186548));
#3564=DIRECTION('',(0.,1.,0.));
#3565=DIRECTION('center_axis',(1.,0.,0.));
#3566=DIRECTION('ref_axis',(0.,1.,0.));
#3567=DIRECTION('',(0.,-7.26719500169787E-16,1.));
#3568=DIRECTION('center_axis',(-1.,0.,0.));
#3569=DIRECTION('ref_axis',(0.,-0.571428571428571,-0.82065180664829));
#3570=DIRECTION('center_axis',(0.,-1.,-7.26719500169787E-16));
#3571=DIRECTION('ref_axis',(0.,7.26719500169787E-16,-1.));
#3572=DIRECTION('',(1.,0.,0.));
#3573=DIRECTION('center_axis',(-1.,0.,0.));
#3574=DIRECTION('ref_axis',(0.,-0.571428571428571,-0.82065180664829));
#3575=DIRECTION('center_axis',(-1.,0.,0.));
#3576=DIRECTION('ref_axis',(0.,-0.571428571428571,-0.82065180664829));
#3577=DIRECTION('',(1.,0.,0.));
#3578=DIRECTION('center_axis',(1.,0.,0.));
#3579=DIRECTION('ref_axis',(0.,1.,0.));
#3580=DIRECTION('center_axis',(1.,0.,0.));
#3581=DIRECTION('ref_axis',(0.,1.,0.));
#3582=DIRECTION('',(0.,0.,1.));
#3583=DIRECTION('',(1.,0.,0.));
#3584=DIRECTION('center_axis',(0.,0.,1.));
#3585=DIRECTION('ref_axis',(1.,0.,0.));
#3586=CARTESIAN_POINT('',(0.,0.,0.));
#3587=CARTESIAN_POINT('',(0.,0.,0.));
#3588=CARTESIAN_POINT('Origin',(25.,19.5,5.8));
#3589=CARTESIAN_POINT('',(23.65,19.5,6.));
#3590=CARTESIAN_POINT('Origin',(25.,19.5,6.));
#3591=CARTESIAN_POINT('',(24.05,19.5,5.6));
#3592=CARTESIAN_POINT('',(23.85,19.5,5.8));
#3593=CARTESIAN_POINT('Origin',(25.,19.5,5.6));
#3594=CARTESIAN_POINT('Origin',(25.,19.5,0.));
#3595=CARTESIAN_POINT('',(24.05,19.5,0.));
#3596=CARTESIAN_POINT('',(24.05,19.5,0.));
#3597=CARTESIAN_POINT('Origin',(25.,19.5,0.));
#3598=CARTESIAN_POINT('Origin',(25.,19.5,6.));
#3599=CARTESIAN_POINT('',(22.25,19.5,6.));
#3600=CARTESIAN_POINT('Origin',(25.,19.5,6.));
#3601=CARTESIAN_POINT('Origin',(25.,-19.5,5.8));
#3602=CARTESIAN_POINT('',(23.65,-19.5,6.));
#3603=CARTESIAN_POINT('Origin',(25.,-19.5,6.));
#3604=CARTESIAN_POINT('',(24.05,-19.5,5.6));
#3605=CARTESIAN_POINT('',(23.85,-19.5,5.8));
#3606=CARTESIAN_POINT('Origin',(25.,-19.5,5.6));
#3607=CARTESIAN_POINT('Origin',(25.,-19.5,0.));
#3608=CARTESIAN_POINT('',(24.05,-19.5,0.));
#3609=CARTESIAN_POINT('',(24.05,-19.5,0.));
#3610=CARTESIAN_POINT('Origin',(25.,-19.5,0.));
#3611=CARTESIAN_POINT('Origin',(25.,-19.5,6.));
#3612=CARTESIAN_POINT('',(22.25,-19.5,6.));
#3613=CARTESIAN_POINT('Origin',(25.,-19.5,6.));
#3614=CARTESIAN_POINT('Origin',(-25.,-19.5,5.8));
#3615=CARTESIAN_POINT('',(-26.35,-19.5,6.));
#3616=CARTESIAN_POINT('Origin',(-25.,-19.5,6.));
#3617=CARTESIAN_POINT('',(-25.95,-19.5,5.6));
#3618=CARTESIAN_POINT('',(-26.15,-19.5,5.8));
#3619=CARTESIAN_POINT('Origin',(-25.,-19.5,5.6));
#3620=CARTESIAN_POINT('Origin',(-25.,-19.5,0.));
#3621=CARTESIAN_POINT('',(-25.95,-19.5,0.));
#3622=CARTESIAN_POINT('',(-25.95,-19.5,0.));
#3623=CARTESIAN_POINT('Origin',(-25.,-19.5,0.));
#3624=CARTESIAN_POINT('Origin',(-25.,-19.5,6.));
#3625=CARTESIAN_POINT('',(-27.75,-19.5,6.));
#3626=CARTESIAN_POINT('Origin',(-25.,-19.5,6.));
#3627=CARTESIAN_POINT('Origin',(-25.,19.5,5.8));
#3628=CARTESIAN_POINT('',(-26.35,19.5,6.));
#3629=CARTESIAN_POINT('Origin',(-25.,19.5,6.));
#3630=CARTESIAN_POINT('',(-25.95,19.5,5.6));
#3631=CARTESIAN_POINT('',(-26.15,19.5,5.8));
#3632=CARTESIAN_POINT('Origin',(-25.,19.5,5.6));
#3633=CARTESIAN_POINT('Origin',(-25.,19.5,0.));
#3634=CARTESIAN_POINT('',(-25.95,19.5,0.));
#3635=CARTESIAN_POINT('',(-25.95,19.5,0.));
#3636=CARTESIAN_POINT('Origin',(-25.,19.5,0.));
#3637=CARTESIAN_POINT('Origin',(-25.,19.5,6.));
#3638=CARTESIAN_POINT('',(-27.75,19.5,6.));
#3639=CARTESIAN_POINT('Origin',(-25.,19.5,6.));
#3640=CARTESIAN_POINT('Origin',(-25.,-19.5,1.5));
#3641=CARTESIAN_POINT('',(-20.4379281022763,-23.,0.));
#3642=CARTESIAN_POINT('',(-28.0000004842877,-23.,1.14022745618326));
#3643=CARTESIAN_POINT('Ctrl Pts',(-20.4379281022763,-23.,0.));
#3644=CARTESIAN_POINT('Ctrl Pts',(-24.6351164104803,-23.,3.33006518788138));
#3645=CARTESIAN_POINT('Ctrl Pts',(-28.0000004842877,-23.,1.14022745618326));
#3646=CARTESIAN_POINT('',(-30.3986267856432,-17.5207757000947,0.));
#3647=CARTESIAN_POINT('Origin',(-25.,-19.5,0.));
#3648=CARTESIAN_POINT('',(-28.4688717690448,-19.5000000000445,2.2811282309552));
#3649=CARTESIAN_POINT('Ctrl Pts',(-30.3986267856432,-17.5207757000947,-7.28583859910259E-16));
#3650=CARTESIAN_POINT('Ctrl Pts',(-30.217535211825,-17.616407665259,0.202943118325292));
#3651=CARTESIAN_POINT('Ctrl Pts',(-30.0383624026541,-17.7270080418772,0.409148908038897));
#3652=CARTESIAN_POINT('Ctrl Pts',(-29.5271791317834,-18.0960218052476,1.01171090568922));
#3653=CARTESIAN_POINT('Ctrl Pts',(-29.2161795715663,-18.3941318042103,1.40007178523702));
#3654=CARTESIAN_POINT('Ctrl Pts',(-28.7971102436551,-18.9301254310808,1.91403659432355));
#3655=CARTESIAN_POINT('Ctrl Pts',(-28.635209381964,-19.1743852887527,2.11041558071016));
#3656=CARTESIAN_POINT('Ctrl Pts',(-28.4859773825973,-19.4657976511118,2.26389534245243));
#3657=CARTESIAN_POINT('Ctrl Pts',(-28.477383508751,-19.4828440436632,2.27261649124941));
#3658=CARTESIAN_POINT('Ctrl Pts',(-28.4688717690448,-19.500000000089,2.28112823095519));
#3659=CARTESIAN_POINT('',(-27.75,-19.5,3.));
#3660=CARTESIAN_POINT('',(-29.25,-19.5,1.5));
#3661=CARTESIAN_POINT('Origin',(-25.,-19.5,3.));
#3662=CARTESIAN_POINT('',(-28.0000004842877,-21.500000320375,2.1444481438722));
#3663=CARTESIAN_POINT('Ctrl Pts',(-28.4688717690448,-19.500000000089,2.28112823095519));
#3664=CARTESIAN_POINT('Ctrl Pts',(-28.3394092333638,-19.7609400308672,2.41059076662946));
#3665=CARTESIAN_POINT('Ctrl Pts',(-28.229579636495,-20.0493819941426,2.48791210138559));
#3666=CARTESIAN_POINT('Ctrl Pts',(-28.069202593749,-20.6507958469353,2.48791210138559));
#3667=CARTESIAN_POINT('Ctrl Pts',(-28.019940612938,-20.9763968133364,2.39953886527061));
#3668=CARTESIAN_POINT('Ctrl Pts',(-28.0016740320688,-21.3572552016188,2.22079395029278));
#3669=CARTESIAN_POINT('Ctrl Pts',(-28.0000004842877,-21.4292182736531,2.18371095904428));
#3670=CARTESIAN_POINT('Ctrl Pts',(-28.0000004842877,-21.500000320375,2.1444481438722));
#3671=CARTESIAN_POINT('Ctrl Pts',(-28.0000004842877,-23.,1.14022745618326));
#3672=CARTESIAN_POINT('Ctrl Pts',(-28.0000004842877,-22.1583220573854,1.77927694748715));
#3673=CARTESIAN_POINT('Ctrl Pts',(-28.0000004842877,-21.500000320375,2.1444481438722));
#3674=CARTESIAN_POINT('Origin',(-32.5000004842877,-21.500000320375,-1.5));
#3675=CARTESIAN_POINT('',(-32.5000004842877,-17.000000320375,0.));
#3676=CARTESIAN_POINT('Origin',(-32.5000004842877,-21.500000320375,0.));
#3677=CARTESIAN_POINT('',(-32.5000004842877,-17.000000320375,4.5));
#3678=CARTESIAN_POINT('',(-32.5000004842877,-17.000000320375,-1.5));
#3679=CARTESIAN_POINT('',(-28.0000004842877,-21.500000320375,4.5));
#3680=CARTESIAN_POINT('Origin',(-32.5000004842877,-21.500000320375,4.5));
#3681=CARTESIAN_POINT('',(-28.0000004842877,-21.500000320375,-1.5));
#3682=CARTESIAN_POINT('Origin',(0.,0.,0.));
#3683=CARTESIAN_POINT('',(20.4379281022763,-23.,0.));
#3684=CARTESIAN_POINT('',(15.9716117818585,-23.,0.));
#3685=CARTESIAN_POINT('',(19.25,-19.5,-5.55111512312578E-16));
#3686=CARTESIAN_POINT('Origin',(25.,-19.5,0.));
#3687=CARTESIAN_POINT('',(30.3986267856432,-17.5207757000947,0.));
#3688=CARTESIAN_POINT('Origin',(25.,-19.5,0.));
#3689=CARTESIAN_POINT('',(32.5000004842877,-17.000000320375,0.));
#3690=CARTESIAN_POINT('Origin',(32.5000004842877,-21.500000320375,0.));
#3691=CARTESIAN_POINT('',(34.,-17.000000320375,0.));
#3692=CARTESIAN_POINT('',(16.2500002421439,-17.000000320375,0.));
#3693=CARTESIAN_POINT('',(34.,17.000000320375,0.));
#3694=CARTESIAN_POINT('',(34.,10.4063068228783,0.));
#3695=CARTESIAN_POINT('',(32.5000004842877,17.000000320375,0.));
#3696=CARTESIAN_POINT('',(16.2500002421439,17.000000320375,0.));
#3697=CARTESIAN_POINT('',(30.3986267856432,17.5207757000947,0.));
#3698=CARTESIAN_POINT('Origin',(32.5000004842877,21.500000320375,0.));
#3699=CARTESIAN_POINT('',(19.25,19.5,-2.22044604925031E-15));
#3700=CARTESIAN_POINT('Origin',(25.,19.5,0.));
#3701=CARTESIAN_POINT('',(20.4379281022763,23.,0.));
#3702=CARTESIAN_POINT('Origin',(25.,19.5,0.));
#3703=CARTESIAN_POINT('',(-20.4379281022763,23.,0.));
#3704=CARTESIAN_POINT('',(-15.9716117818585,23.,0.));
#3705=CARTESIAN_POINT('',(-30.3986267856432,17.5207757000947,0.));
#3706=CARTESIAN_POINT('Origin',(-25.,19.5,0.));
#3707=CARTESIAN_POINT('',(-32.5000004842877,17.000000320375,0.));
#3708=CARTESIAN_POINT('Origin',(-32.5000004842877,21.500000320375,0.));
#3709=CARTESIAN_POINT('',(-34.,17.000000320375,0.));
#3710=CARTESIAN_POINT('',(-16.2500002421439,17.000000320375,0.));
#3711=CARTESIAN_POINT('',(-34.,-17.000000320375,0.));
#3712=CARTESIAN_POINT('',(-34.,-10.4716117818585,0.));
#3713=CARTESIAN_POINT('',(-16.2500002421439,-17.000000320375,0.));
#3714=CARTESIAN_POINT('Origin',(-25.,-19.5,0.));
#3715=CARTESIAN_POINT('',(-27.75,-19.5,0.));
#3716=CARTESIAN_POINT('Origin',(-25.,19.5,1.5));
#3717=CARTESIAN_POINT('',(-27.75,19.5,3.));
#3718=CARTESIAN_POINT('Origin',(-25.,19.5,3.));
#3719=CARTESIAN_POINT('',(-28.4688717690448,19.5000000000445,2.2811282309552));
#3720=CARTESIAN_POINT('',(-29.25,19.5,1.5));
#3721=CARTESIAN_POINT('Ctrl Pts',(-28.4688717690448,19.500000000089,2.2811282309552));
#3722=CARTESIAN_POINT('Ctrl Pts',(-28.477383508751,19.4828440436632,2.27261649124942));
#3723=CARTESIAN_POINT('Ctrl Pts',(-28.4859773825973,19.4657976511118,2.26389534245244));
#3724=CARTESIAN_POINT('Ctrl Pts',(-28.635209381964,19.1743852887527,2.11041558071016));
#3725=CARTESIAN_POINT('Ctrl Pts',(-28.7971102436551,18.9301254310808,1.91403659432355));
#3726=CARTESIAN_POINT('Ctrl Pts',(-29.2161795715663,18.3941318042103,1.40007178523702));
#3727=CARTESIAN_POINT('Ctrl Pts',(-29.5271791317834,18.0960218052476,1.01171090568922));
#3728=CARTESIAN_POINT('Ctrl Pts',(-30.0383624026541,17.7270080418772,0.4091489080389));
#3729=CARTESIAN_POINT('Ctrl Pts',(-30.217535211825,17.616407665259,0.202943118325293));
#3730=CARTESIAN_POINT('Ctrl Pts',(-30.3986267856432,17.5207757000947,-1.80411241501588E-15));
#3731=CARTESIAN_POINT('',(-28.0000004842877,23.,1.14022745618326));
#3732=CARTESIAN_POINT('Ctrl Pts',(-28.0000004842877,23.,1.14022745618326));
#3733=CARTESIAN_POINT('Ctrl Pts',(-24.6351164104803,23.,3.33006518788138));
#3734=CARTESIAN_POINT('Ctrl Pts',(-20.4379281022763,23.,0.));
#3735=CARTESIAN_POINT('',(-28.0000004842877,21.500000320375,2.1444481438722));
#3736=CARTESIAN_POINT('Ctrl Pts',(-28.0000004842877,21.500000320375,2.1444481438722));
#3737=CARTESIAN_POINT('Ctrl Pts',(-28.0000004842877,22.1583220573813,1.77927694749023));
#3738=CARTESIAN_POINT('Ctrl Pts',(-28.0000004842877,23.,1.14022745618326));
#3739=CARTESIAN_POINT('Ctrl Pts',(-28.0000004842877,21.500000320375,2.1444481438722));
#3740=CARTESIAN_POINT('Ctrl Pts',(-28.0000004842877,21.4292182736531,2.18371095904428));
#3741=CARTESIAN_POINT('Ctrl Pts',(-28.0016740320688,21.3572552016188,2.22079395029277));
#3742=CARTESIAN_POINT('Ctrl Pts',(-28.019940612938,20.9763968133364,2.39953886527061));
#3743=CARTESIAN_POINT('Ctrl Pts',(-28.069202593749,20.6507958469353,2.48791210138559));
#3744=CARTESIAN_POINT('Ctrl Pts',(-28.229579636495,20.0493819941426,2.48791210138559));
#3745=CARTESIAN_POINT('Ctrl Pts',(-28.3394092333638,19.7609400308672,2.41059076662946));
#3746=CARTESIAN_POINT('Ctrl Pts',(-28.4688717690448,19.500000000089,2.2811282309552));
#3747=CARTESIAN_POINT('Origin',(-31.943223563717,23.,0.));
#3748=CARTESIAN_POINT('',(28.0000004842877,23.,1.14022745618326));
#3749=CARTESIAN_POINT('Ctrl Pts',(20.4379281022763,23.,-2.77555756156289E-16));
#3750=CARTESIAN_POINT('Ctrl Pts',(24.6351164104803,23.,3.33006518788138));
#3751=CARTESIAN_POINT('Ctrl Pts',(28.0000004842877,23.,1.14022745618326));
#3752=CARTESIAN_POINT('',(28.0000004842877,23.,4.5));
#3753=CARTESIAN_POINT('',(28.0000004842877,23.,-0.75));
#3754=CARTESIAN_POINT('',(28.01,23.,4.5));
#3755=CARTESIAN_POINT('',(-0.171611660786553,23.,4.5));
#3756=CARTESIAN_POINT('',(29.25,23.,5.74));
#3757=CARTESIAN_POINT('',(12.2066941090707,23.,-11.3033058909292));
#3758=CARTESIAN_POINT('',(29.25,23.,8.));
#3759=CARTESIAN_POINT('',(29.25,23.,0.));
#3760=CARTESIAN_POINT('',(-29.25,23.,8.));
#3761=CARTESIAN_POINT('',(34.,23.,8.));
#3762=CARTESIAN_POINT('',(-29.25,23.,5.74));
#3763=CARTESIAN_POINT('',(-29.25,23.,0.));
#3764=CARTESIAN_POINT('',(-28.01,23.,4.5));
#3765=CARTESIAN_POINT('',(-28.1783058909292,23.,4.66830589092924));
#3766=CARTESIAN_POINT('',(-28.0000004842877,23.,4.5));
#3767=CARTESIAN_POINT('',(-31.7716119029304,23.,4.5));
#3768=CARTESIAN_POINT('',(-28.0000004842877,23.,-0.75));
#3769=CARTESIAN_POINT('Origin',(-25.,19.5,0.));
#3770=CARTESIAN_POINT('',(-27.75,19.5,0.));
#3771=CARTESIAN_POINT('Origin',(25.,19.5,1.5));
#3772=CARTESIAN_POINT('',(22.25,19.5,3.));
#3773=CARTESIAN_POINT('Origin',(25.,19.5,3.));
#3774=CARTESIAN_POINT('',(20.75,19.5,1.5));
#3775=CARTESIAN_POINT('',(28.0000004842877,21.500000320375,2.1444481438722));
#3776=CARTESIAN_POINT('Ctrl Pts',(30.3986267856432,17.5207757000947,-1.83880688453542E-15));
#3777=CARTESIAN_POINT('Ctrl Pts',(30.217535211825,17.616407665259,0.202943118325289));
#3778=CARTESIAN_POINT('Ctrl Pts',(30.0383624026541,17.7270080418772,0.4091489080389));
#3779=CARTESIAN_POINT('Ctrl Pts',(29.5271791317834,18.0960218052476,1.01171090568922));
#3780=CARTESIAN_POINT('Ctrl Pts',(29.2161795715663,18.3941318042103,1.40007178523702));
#3781=CARTESIAN_POINT('Ctrl Pts',(28.7971102436551,18.9301254310808,1.91403659432354));
#3782=CARTESIAN_POINT('Ctrl Pts',(28.635209381964,19.1743852887527,2.11041558071015));
#3783=CARTESIAN_POINT('Ctrl Pts',(28.3540879798414,19.7233443072602,2.39953886527061));
#3784=CARTESIAN_POINT('Ctrl Pts',(28.2346839736176,20.0302407317627,2.48791210138559));
#3785=CARTESIAN_POINT('Ctrl Pts',(28.069202593749,20.6507958469353,2.48791210138559));
#3786=CARTESIAN_POINT('Ctrl Pts',(28.019940612938,20.9763968133364,2.39953886527061));
#3787=CARTESIAN_POINT('Ctrl Pts',(28.0016740320688,21.3572552016188,2.22079395029277));
#3788=CARTESIAN_POINT('Ctrl Pts',(28.0000004842877,21.4292182736531,2.18371095904427));
#3789=CARTESIAN_POINT('Ctrl Pts',(28.0000004842877,21.500000320375,2.1444481438722));
#3790=CARTESIAN_POINT('Ctrl Pts',(28.0000004842877,23.,1.14022745618326));
#3791=CARTESIAN_POINT('Ctrl Pts',(28.0000004842877,22.1583220573854,1.77927694748715));
#3792=CARTESIAN_POINT('Ctrl Pts',(28.0000004842877,21.500000320375,2.1444481438722));
#3793=CARTESIAN_POINT('Origin',(28.0000004842877,24.1999994590878,-1.5));
#3794=CARTESIAN_POINT('',(28.0000004842877,21.500000320375,4.5));
#3795=CARTESIAN_POINT('',(28.0000004842877,21.500000320375,-1.5));
#3796=CARTESIAN_POINT('',(28.0000004842877,21.500000320375,4.5));
#3797=CARTESIAN_POINT('Origin',(32.5000004842877,21.500000320375,-1.5));
#3798=CARTESIAN_POINT('',(32.5000004842877,17.000000320375,4.5));
#3799=CARTESIAN_POINT('',(32.5000004842877,17.000000320375,-1.5));
#3800=CARTESIAN_POINT('Origin',(32.5000004842877,21.500000320375,4.5));
#3801=CARTESIAN_POINT('Origin',(25.,19.5,0.));
#3802=CARTESIAN_POINT('',(22.25,19.5,0.));
#3803=CARTESIAN_POINT('Origin',(25.,-19.5,1.5));
#3804=CARTESIAN_POINT('',(22.25,-19.5,3.));
#3805=CARTESIAN_POINT('Origin',(25.,-19.5,3.));
#3806=CARTESIAN_POINT('',(20.75,-19.5,1.5));
#3807=CARTESIAN_POINT('',(28.0000004842877,-23.,1.14022745618326));
#3808=CARTESIAN_POINT('Ctrl Pts',(28.0000004842877,-23.,1.14022745618326));
#3809=CARTESIAN_POINT('Ctrl Pts',(24.6351164104803,-23.,3.33006518788138));
#3810=CARTESIAN_POINT('Ctrl Pts',(20.4379281022763,-23.,-2.77555756156289E-16));
#3811=CARTESIAN_POINT('',(28.0000004842877,-21.500000320375,2.1444481438722));
#3812=CARTESIAN_POINT('Ctrl Pts',(28.0000004842877,-21.500000320375,2.1444481438722));
#3813=CARTESIAN_POINT('Ctrl Pts',(28.0000004842877,-22.1583220573813,1.77927694749023));
#3814=CARTESIAN_POINT('Ctrl Pts',(28.0000004842877,-23.,1.14022745618326));
#3815=CARTESIAN_POINT('Ctrl Pts',(28.0000004842877,-21.500000320375,2.1444481438722));
#3816=CARTESIAN_POINT('Ctrl Pts',(28.0000004842877,-21.4292182736531,2.18371095904427));
#3817=CARTESIAN_POINT('Ctrl Pts',(28.0016740320688,-21.3572552016188,2.22079395029277));
#3818=CARTESIAN_POINT('Ctrl Pts',(28.019940612938,-20.9763968133364,2.39953886527061));
#3819=CARTESIAN_POINT('Ctrl Pts',(28.069202593749,-20.6507958469353,2.48791210138559));
#3820=CARTESIAN_POINT('Ctrl Pts',(28.2346839736176,-20.0302407317627,2.48791210138559));
#3821=CARTESIAN_POINT('Ctrl Pts',(28.3540879798414,-19.7233443072602,2.39953886527061));
#3822=CARTESIAN_POINT('Ctrl Pts',(28.6352093819641,-19.1743852887527,2.11041558071016));
#3823=CARTESIAN_POINT('Ctrl Pts',(28.7971102436551,-18.9301254310808,1.91403659432354));
#3824=CARTESIAN_POINT('Ctrl Pts',(29.2161795715663,-18.3941318042103,1.40007178523702));
#3825=CARTESIAN_POINT('Ctrl Pts',(29.5271791317834,-18.0960218052476,1.01171090568922));
#3826=CARTESIAN_POINT('Ctrl Pts',(30.0383624026541,-17.7270080418772,0.409148908038901));
#3827=CARTESIAN_POINT('Ctrl Pts',(30.217535211825,-17.616407665259,0.202943118325294));
#3828=CARTESIAN_POINT('Ctrl Pts',(30.3986267856432,-17.5207757000947,-8.32667268468867E-16));
#3829=CARTESIAN_POINT('Origin',(28.0000004842877,-24.1999994590878,-1.5));
#3830=CARTESIAN_POINT('',(28.0000004842877,-23.,4.5));
#3831=CARTESIAN_POINT('',(28.0000004842877,-23.,-0.75));
#3832=CARTESIAN_POINT('',(28.0000004842877,-21.500000320375,4.5));
#3833=CARTESIAN_POINT('',(28.0000004842877,-21.500000320375,4.5));
#3834=CARTESIAN_POINT('',(28.0000004842877,-21.500000320375,-1.5));
#3835=CARTESIAN_POINT('Origin',(31.943223563717,-23.,0.));
#3836=CARTESIAN_POINT('',(-28.0000004842877,-23.,4.5));
#3837=CARTESIAN_POINT('',(-28.0000004842877,-23.,-0.75));
#3838=CARTESIAN_POINT('',(-28.01,-23.,4.5));
#3839=CARTESIAN_POINT('',(0.171611660786553,-23.,4.5));
#3840=CARTESIAN_POINT('',(-29.25,-23.,5.74));
#3841=CARTESIAN_POINT('',(-12.2066941090708,-23.,-11.3033058909292));
#3842=CARTESIAN_POINT('',(-29.25,-23.,8.));
#3843=CARTESIAN_POINT('',(-29.25,-23.,0.));
#3844=CARTESIAN_POINT('',(29.25,-23.,8.));
#3845=CARTESIAN_POINT('',(-34.,-23.,8.));
#3846=CARTESIAN_POINT('',(29.25,-23.,5.74));
#3847=CARTESIAN_POINT('',(29.25,-23.,0.));
#3848=CARTESIAN_POINT('',(28.01,-23.,4.5));
#3849=CARTESIAN_POINT('',(28.1783058909292,-23.,4.66830589092924));
#3850=CARTESIAN_POINT('',(31.7716119029304,-23.,4.5));
#3851=CARTESIAN_POINT('Origin',(25.,-19.5,0.));
#3852=CARTESIAN_POINT('',(22.25,-19.5,0.));
#3853=CARTESIAN_POINT('Origin',(32.5000004842877,-21.500000320375,-1.5));
#3854=CARTESIAN_POINT('',(32.5000004842877,-17.000000320375,4.5));
#3855=CARTESIAN_POINT('Origin',(32.5000004842877,-21.500000320375,4.5));
#3856=CARTESIAN_POINT('',(32.5000004842877,-17.000000320375,-1.5));
#3857=CARTESIAN_POINT('Origin',(-32.5000004842877,21.500000320375,-1.5));
#3858=CARTESIAN_POINT('',(-28.0000004842877,21.500000320375,4.5));
#3859=CARTESIAN_POINT('',(-28.0000004842877,21.500000320375,-1.5));
#3860=CARTESIAN_POINT('',(-32.5000004842877,17.000000320375,4.5));
#3861=CARTESIAN_POINT('Origin',(-32.5000004842877,21.500000320375,4.5));
#3862=CARTESIAN_POINT('',(-32.5000004842877,17.000000320375,-1.5));
#3863=CARTESIAN_POINT('Origin',(-28.0000004842877,24.1999994590878,-1.5));
#3864=CARTESIAN_POINT('',(-28.0000004842877,21.500000320375,4.5));
#3865=CARTESIAN_POINT('Origin',(-28.0000004842877,-24.1999994590878,-1.5));
#3866=CARTESIAN_POINT('',(-28.0000004842877,-21.500000320375,4.5));
#3867=CARTESIAN_POINT('Origin',(-36.2,8.88178419700125E-15,4.4));
#3868=CARTESIAN_POINT('',(-36.2,2.75000000000001,4.4));
#3869=CARTESIAN_POINT('',(-36.2,8.54500632723573E-15,7.15));
#3870=CARTESIAN_POINT('Origin',(-36.2,8.88178419700125E-15,4.4));
#3871=CARTESIAN_POINT('',(-35.2113140033357,8.71285908374534E-15,8.));
#3872=CARTESIAN_POINT('Origin',(-36.2,8.422541647321E-15,8.15));
#3873=CARTESIAN_POINT('',(-35.2,1.05000000000001,8.));
#3874=CARTESIAN_POINT('Ctrl Pts',(-35.2113140033357,8.77770078844264E-15,
8.));
#3875=CARTESIAN_POINT('Ctrl Pts',(-35.2113140033357,0.230523480353846,8.));
#3876=CARTESIAN_POINT('Ctrl Pts',(-35.2063221582334,0.507106613379844,8.));
#3877=CARTESIAN_POINT('Ctrl Pts',(-35.2013546004648,0.835222285815114,8.));
#3878=CARTESIAN_POINT('Ctrl Pts',(-35.2,0.952370206520057,8.));
#3879=CARTESIAN_POINT('Ctrl Pts',(-35.2,1.05000000000001,8.));
#3880=CARTESIAN_POINT('',(-35.2,-1.04999999999999,8.));
#3881=CARTESIAN_POINT('Origin',(-35.2,9.09126023938336E-15,4.4));
#3882=CARTESIAN_POINT('Ctrl Pts',(-35.2,-1.04999999999999,8.));
#3883=CARTESIAN_POINT('Ctrl Pts',(-35.2,-0.952370206520039,8.));
#3884=CARTESIAN_POINT('Ctrl Pts',(-35.2013546004648,-0.835222285815096,
8.));
#3885=CARTESIAN_POINT('Ctrl Pts',(-35.2063221582334,-0.507106613379826,
8.));
#3886=CARTESIAN_POINT('Ctrl Pts',(-35.2113140033357,-0.230523480353828,
8.));
#3887=CARTESIAN_POINT('Ctrl Pts',(-35.2113140033357,9.5062846483529E-15,
8.));
#3888=CARTESIAN_POINT('Origin',(-36.2,8.88178419700125E-15,4.4));
#3889=CARTESIAN_POINT('Origin',(-35.2,-21.2,0.));
#3890=CARTESIAN_POINT('',(-35.2,21.2,8.));
#3891=CARTESIAN_POINT('',(-35.2,21.2,8.));
#3892=CARTESIAN_POINT('',(-35.2,21.2,2.1));
#3893=CARTESIAN_POINT('',(-35.2,21.2,0.));
#3894=CARTESIAN_POINT('',(-35.2,18.000000320375,2.1));
#3895=CARTESIAN_POINT('',(-35.2,0.244470918219959,2.1));
#3896=CARTESIAN_POINT('',(-35.2,18.000000320375,-0.5));
#3897=CARTESIAN_POINT('',(-35.2,18.000000320375,-0.75));
#3898=CARTESIAN_POINT('',(-35.2,-18.000000320375,-0.5));
#3899=CARTESIAN_POINT('',(-35.2,-10.6,-0.5));
#3900=CARTESIAN_POINT('',(-35.2,-18.000000320375,2.1));
#3901=CARTESIAN_POINT('',(-35.2,-18.000000320375,-0.75));
#3902=CARTESIAN_POINT('',(-35.2,-21.2,2.1));
#3903=CARTESIAN_POINT('',(-35.2,-21.44447091822,2.1));
#3904=CARTESIAN_POINT('',(-35.2,-21.2,8.));
#3905=CARTESIAN_POINT('',(-35.2,-21.2,0.));
#3906=CARTESIAN_POINT('',(-35.2,21.2,8.));
#3907=CARTESIAN_POINT('Origin',(-35.2,8.88178419700125E-15,4.4));
#3908=CARTESIAN_POINT('',(-36.7,2.75000000000001,4.4));
#3909=CARTESIAN_POINT('Origin',(-36.7,8.88178419700125E-15,4.4));
#3910=CARTESIAN_POINT('',(-35.2,2.75000000000001,4.4));
#3911=CARTESIAN_POINT('Origin',(-35.2,-0.999999999999991,3.20912331478755));
#3912=CARTESIAN_POINT('',(-34.,-0.999999999999991,2.19999995082617));
#3913=CARTESIAN_POINT('',(-34.,-0.999999999999991,2.96385933836549));
#3914=CARTESIAN_POINT('',(-34.,-0.999999999999992,1.60456165739377));
#3915=CARTESIAN_POINT('',(-35.2,-0.999999999999991,2.19999995082617));
#3916=CARTESIAN_POINT('',(-35.2,-0.999999999999991,2.19999995082617));
#3917=CARTESIAN_POINT('',(-35.2,-0.999999999999991,2.96385933836549));
#3918=CARTESIAN_POINT('',(-35.2,-0.999999999999991,1.79087668521245));
#3919=CARTESIAN_POINT('',(-35.2,-0.999999999999991,2.96385933836549));
#3920=CARTESIAN_POINT('Origin',(-35.2,9.0205620750794E-15,2.70456163280686));
#3921=CARTESIAN_POINT('',(-35.2,1.00000000000001,2.96385933836549));
#3922=CARTESIAN_POINT('Origin',(-35.2,8.88178419700125E-15,4.4));
#3923=CARTESIAN_POINT('',(-35.2,0.999999977648258,2.19999995082617));
#3924=CARTESIAN_POINT('',(-35.2,0.999999977648258,2.19999995082617));
#3925=CARTESIAN_POINT('',(-35.2,1.00000000000001,3.20912331478755));
#3926=CARTESIAN_POINT('Origin',(-35.2,1.00000000000001,2.19999995082617));
#3927=CARTESIAN_POINT('',(-34.,1.00000000000001,2.96385933836549));
#3928=CARTESIAN_POINT('',(-34.,0.999999977648258,2.19999995082617));
#3929=CARTESIAN_POINT('',(-34.,1.00000000000001,1.09999997541308));
#3930=CARTESIAN_POINT('',(-35.2,1.00000000000001,2.96385933836549));
#3931=CARTESIAN_POINT('',(-35.2,0.999999977648258,2.19999995082617));
#3932=CARTESIAN_POINT('Origin',(-35.2,-0.999999999999991,2.19999995082617));
#3933=CARTESIAN_POINT('',(-34.,-10.9716117818585,2.19999995082617));
#3934=CARTESIAN_POINT('Origin',(-35.2,8.88178419700125E-15,4.4));
#3935=CARTESIAN_POINT('',(-36.7,1.75000000000001,4.4));
#3936=CARTESIAN_POINT('Origin',(-36.7,8.88178419700125E-15,4.4));
#3937=CARTESIAN_POINT('',(-34.,1.75000000000001,4.4));
#3938=CARTESIAN_POINT('',(-35.2,1.75000000000001,4.4));
#3939=CARTESIAN_POINT('Origin',(-34.,8.88178419700125E-15,4.4));
#3940=CARTESIAN_POINT('Origin',(-34.,8.88178419700125E-15,4.4));
#3941=CARTESIAN_POINT('Origin',(-36.7,8.88178419700125E-15,4.4));
#3942=CARTESIAN_POINT('Origin',(28.63,21.1750000800937,5.12));
#3943=CARTESIAN_POINT('',(28.01,21.75,4.5));
#3944=CARTESIAN_POINT('',(28.01,21.1750000800937,4.5));
#3945=CARTESIAN_POINT('',(29.25,21.75,5.74));
#3946=CARTESIAN_POINT('',(28.01,21.75,4.5));
#3947=CARTESIAN_POINT('',(29.25,21.1750000800937,5.74));
#3948=CARTESIAN_POINT('Origin',(32.75,21.75,5.12));
#3949=CARTESIAN_POINT('',(32.75,17.01,4.5));
#3950=CARTESIAN_POINT('',(32.75,18.25,5.74));
#3951=CARTESIAN_POINT('',(32.75,17.01,4.5));
#3952=CARTESIAN_POINT('Origin',(32.75,21.75,5.74));
#3953=CARTESIAN_POINT('Origin',(32.75,21.75,4.5));
#3954=CARTESIAN_POINT('Origin',(32.8000001210719,17.63,5.12));
#3955=CARTESIAN_POINT('',(34.,18.25,5.74));
#3956=CARTESIAN_POINT('',(34.,17.01,4.5));
#3957=CARTESIAN_POINT('',(34.,17.1456534114392,4.63565341143915));
#3958=CARTESIAN_POINT('',(32.8000001210719,18.25,5.74));
#3959=CARTESIAN_POINT('',(32.8000001210719,17.01,4.5));
#3960=CARTESIAN_POINT('Origin',(29.25,21.75,0.));
#3961=CARTESIAN_POINT('',(29.25,21.75,8.));
#3962=CARTESIAN_POINT('',(29.25,21.75,0.));
#3963=CARTESIAN_POINT('',(29.25,24.2,8.));
#3964=CARTESIAN_POINT('Origin',(32.75,21.75,0.));
#3965=CARTESIAN_POINT('',(32.75,18.25,8.));
#3966=CARTESIAN_POINT('',(32.75,18.25,0.));
#3967=CARTESIAN_POINT('Origin',(32.75,21.75,8.));
#3968=CARTESIAN_POINT('Origin',(34.,18.25,0.));
#3969=CARTESIAN_POINT('',(34.,18.25,8.));
#3970=CARTESIAN_POINT('',(34.,18.25,0.));
#3971=CARTESIAN_POINT('',(32.5,18.25,8.));
#3972=CARTESIAN_POINT('Origin',(-28.63,21.1750000800937,5.12));
#3973=CARTESIAN_POINT('',(-29.25,21.75,5.74));
#3974=CARTESIAN_POINT('',(-29.25,21.1750000800937,5.74));
#3975=CARTESIAN_POINT('',(-28.01,21.75,4.5));
#3976=CARTESIAN_POINT('',(-29.25,21.75,5.74));
#3977=CARTESIAN_POINT('',(-28.01,21.1750000800937,4.5));
#3978=CARTESIAN_POINT('Origin',(-32.75,21.75,5.12));
#3979=CARTESIAN_POINT('',(-32.75,18.25,5.74));
#3980=CARTESIAN_POINT('',(-32.75,17.01,4.5));
#3981=CARTESIAN_POINT('',(-32.75,18.25,5.74));
#3982=CARTESIAN_POINT('Origin',(-32.75,21.75,4.5));
#3983=CARTESIAN_POINT('Origin',(-32.75,21.75,5.74));
#3984=CARTESIAN_POINT('Origin',(-32.8000001210719,17.63,5.12));
#3985=CARTESIAN_POINT('',(-34.,17.01,4.5));
#3986=CARTESIAN_POINT('',(-34.,18.25,5.74));
#3987=CARTESIAN_POINT('',(-34.,6.70669410907075,-5.80330589092924));
#3988=CARTESIAN_POINT('',(-32.8000001210719,17.01,4.5));
#3989=CARTESIAN_POINT('',(-32.8000001210719,18.25,5.74));
#3990=CARTESIAN_POINT('Origin',(-31.6000002421439,20.6000001601875,4.5));
#3991=CARTESIAN_POINT('',(-34.,17.000000320375,4.5));
#3992=CARTESIAN_POINT('',(-34.,-0.171611701764744,4.5));
#3993=CARTESIAN_POINT('',(-32.5000004842877,17.000000320375,4.5));
#3994=CARTESIAN_POINT('Origin',(28.63,-21.1750000800937,5.12));
#3995=CARTESIAN_POINT('',(29.25,-21.75,5.74));
#3996=CARTESIAN_POINT('',(29.25,-21.1750000800937,5.74));
#3997=CARTESIAN_POINT('',(28.01,-21.75,4.5));
#3998=CARTESIAN_POINT('',(29.25,-21.75,5.74));
#3999=CARTESIAN_POINT('',(28.01,-21.1750000800937,4.5));
#4000=CARTESIAN_POINT('Origin',(32.75,-21.75,5.12));
#4001=CARTESIAN_POINT('',(32.75,-18.25,5.74));
#4002=CARTESIAN_POINT('',(32.75,-17.01,4.5));
#4003=CARTESIAN_POINT('',(32.75,-18.25,5.74));
#4004=CARTESIAN_POINT('Origin',(32.75,-21.75,4.5));
#4005=CARTESIAN_POINT('Origin',(32.75,-21.75,5.74));
#4006=CARTESIAN_POINT('Origin',(32.8000001210719,-17.63,5.12));
#4007=CARTESIAN_POINT('',(34.,-17.01,4.5));
#4008=CARTESIAN_POINT('',(34.,-18.25,5.74));
#4009=CARTESIAN_POINT('',(34.,-6.73934658856084,-5.77065341143915));
#4010=CARTESIAN_POINT('',(32.8000001210719,-17.01,4.5));
#4011=CARTESIAN_POINT('',(32.8000001210719,-18.25,5.74));
#4012=CARTESIAN_POINT('Origin',(34.,20.8126136457566,0.));
#4013=CARTESIAN_POINT('',(34.,17.000000320375,4.5));
#4014=CARTESIAN_POINT('',(34.,20.706306902972,4.5));
#4015=CARTESIAN_POINT('',(34.,17.000000320375,-0.75));
#4016=CARTESIAN_POINT('',(34.,-17.000000320375,4.5));
#4017=CARTESIAN_POINT('',(34.,-17.000000320375,-0.75));
#4018=CARTESIAN_POINT('',(34.,0.106306742784561,4.5));
#4019=CARTESIAN_POINT('',(34.,-18.25,8.));
#4020=CARTESIAN_POINT('',(34.,-18.25,0.));
#4021=CARTESIAN_POINT('',(34.,-23.,8.));
#4022=CARTESIAN_POINT('Origin',(34.,-18.25,0.));
#4023=CARTESIAN_POINT('',(32.75,-18.25,8.));
#4024=CARTESIAN_POINT('',(32.75,-18.25,0.));
#4025=CARTESIAN_POINT('',(32.5,-18.25,8.));
#4026=CARTESIAN_POINT('Origin',(32.75,-21.75,0.));
#4027=CARTESIAN_POINT('',(29.25,-21.75,8.));
#4028=CARTESIAN_POINT('',(29.25,-21.75,0.));
#4029=CARTESIAN_POINT('Origin',(32.75,-21.75,8.));
#4030=CARTESIAN_POINT('Origin',(29.25,-21.75,0.));
#4031=CARTESIAN_POINT('',(29.25,-24.2,8.));
#4032=CARTESIAN_POINT('Origin',(-32.8000001210719,-17.63,5.12));
#4033=CARTESIAN_POINT('',(-34.,-18.25,5.74));
#4034=CARTESIAN_POINT('',(-34.,-17.01,4.5));
#4035=CARTESIAN_POINT('',(-34.,-17.1783058909292,4.66830589092924));
#4036=CARTESIAN_POINT('',(-32.75,-18.25,5.74));
#4037=CARTESIAN_POINT('',(-32.8000001210719,-18.25,5.74));
#4038=CARTESIAN_POINT('',(-32.75,-17.01,4.5));
#4039=CARTESIAN_POINT('',(-32.75,-18.25,5.74));
#4040=CARTESIAN_POINT('',(-32.8000001210719,-17.01,4.5));
#4041=CARTESIAN_POINT('Origin',(-32.75,-21.75,5.12));
#4042=CARTESIAN_POINT('',(-29.25,-21.75,5.74));
#4043=CARTESIAN_POINT('',(-28.01,-21.75,4.5));
#4044=CARTESIAN_POINT('',(-29.25,-21.75,5.74));
#4045=CARTESIAN_POINT('Origin',(-32.75,-21.75,4.5));
#4046=CARTESIAN_POINT('Origin',(-32.75,-21.75,5.74));
#4047=CARTESIAN_POINT('Origin',(-28.63,-21.1750000800937,5.12));
#4048=CARTESIAN_POINT('',(-28.01,-21.1750000800937,4.5));
#4049=CARTESIAN_POINT('',(-29.25,-21.1750000800937,5.74));
#4050=CARTESIAN_POINT('Origin',(-29.25,-21.75,0.));
#4051=CARTESIAN_POINT('',(-29.25,-21.75,8.));
#4052=CARTESIAN_POINT('',(-29.25,-21.75,0.));
#4053=CARTESIAN_POINT('',(-29.25,-24.2,8.));
#4054=CARTESIAN_POINT('Origin',(-32.75,-21.75,0.));
#4055=CARTESIAN_POINT('',(-32.75,-18.25,8.));
#4056=CARTESIAN_POINT('',(-32.75,-18.25,0.));
#4057=CARTESIAN_POINT('Origin',(-32.75,-21.75,8.));
#4058=CARTESIAN_POINT('Origin',(-34.,-18.25,0.));
#4059=CARTESIAN_POINT('',(-34.,-18.25,8.));
#4060=CARTESIAN_POINT('',(-34.,-18.25,0.));
#4061=CARTESIAN_POINT('',(-32.5,-18.25,8.));
#4062=CARTESIAN_POINT('Origin',(32.854878228112,-21.6889418364399,2.1));
#4063=CARTESIAN_POINT('',(29.0000004842877,-24.2,2.1));
#4064=CARTESIAN_POINT('',(32.2,-24.2,2.1));
#4065=CARTESIAN_POINT('',(32.527439114056,-24.2,2.1));
#4066=CARTESIAN_POINT('',(29.0000004842877,-21.500000320375,2.1));
#4067=CARTESIAN_POINT('',(29.0000004842877,-21.500000320375,2.1));
#4068=CARTESIAN_POINT('',(32.5000004842877,-18.000000320375,2.1));
#4069=CARTESIAN_POINT('Origin',(32.5000004842877,-21.500000320375,2.1));
#4070=CARTESIAN_POINT('',(35.2,-18.000000320375,2.1));
#4071=CARTESIAN_POINT('',(32.5000004842877,-18.000000320375,2.1));
#4072=CARTESIAN_POINT('',(35.2,-21.2,2.1));
#4073=CARTESIAN_POINT('',(35.2,-0.244470918219959,2.1));
#4074=CARTESIAN_POINT('Origin',(32.2,-21.2,2.1));
#4075=CARTESIAN_POINT('',(31.943223563717,-23.,2.1));
#4076=CARTESIAN_POINT('',(34.,-20.943223563717,2.1));
#4077=CARTESIAN_POINT('Origin',(32.5000004842877,-21.500000320375,2.1));
#4078=CARTESIAN_POINT('Origin',(32.5,-21.5,2.1));
#4079=CARTESIAN_POINT('Origin',(-32.854878228112,-21.6889418364399,2.1));
#4080=CARTESIAN_POINT('',(-32.2,-24.2,2.1));
#4081=CARTESIAN_POINT('',(-29.0000004842877,-24.2,2.1));
#4082=CARTESIAN_POINT('',(-0.327439114056025,-24.2,2.1));
#4083=CARTESIAN_POINT('Origin',(-32.2,-21.2,2.1));
#4084=CARTESIAN_POINT('',(-32.5000004842877,-18.000000320375,2.1));
#4085=CARTESIAN_POINT('',(-32.5000004842877,-18.000000320375,2.1));
#4086=CARTESIAN_POINT('',(-29.0000004842877,-21.500000320375,2.1));
#4087=CARTESIAN_POINT('Origin',(-32.5000004842877,-21.500000320375,2.1));
#4088=CARTESIAN_POINT('',(-29.0000004842877,-21.500000320375,2.1));
#4089=CARTESIAN_POINT('',(-34.,-20.943223563717,2.1));
#4090=CARTESIAN_POINT('',(-31.943223563717,-23.,2.1));
#4091=CARTESIAN_POINT('Origin',(-32.5000004842877,-21.500000320375,2.1));
#4092=CARTESIAN_POINT('',(-34.1,-21.5,2.1));
#4093=CARTESIAN_POINT('Origin',(-32.5,-21.5,2.1));
#4094=CARTESIAN_POINT('Origin',(-32.5,-21.5,2.1));
#4095=CARTESIAN_POINT('Origin',(-34.,-20.943223563717,0.));
#4096=CARTESIAN_POINT('',(-34.,18.25,8.));
#4097=CARTESIAN_POINT('',(-34.,18.25,0.));
#4098=CARTESIAN_POINT('',(-34.,23.,8.));
#4099=CARTESIAN_POINT('',(-34.,-17.000000320375,4.5));
#4100=CARTESIAN_POINT('',(-34.,-20.7716118619522,4.5));
#4101=CARTESIAN_POINT('',(-34.,-17.000000320375,-0.75));
#4102=CARTESIAN_POINT('',(-34.,17.000000320375,-0.75));
#4103=CARTESIAN_POINT('Origin',(-31.6000002421439,-20.6000001601875,4.5));
#4104=CARTESIAN_POINT('',(-32.5000004842877,-17.000000320375,4.5));
#4105=CARTESIAN_POINT('Origin',(-29.25,21.75,0.));
#4106=CARTESIAN_POINT('',(-29.25,21.75,8.));
#4107=CARTESIAN_POINT('',(-29.25,24.2,8.));
#4108=CARTESIAN_POINT('',(-29.25,21.75,0.));
#4109=CARTESIAN_POINT('Origin',(-32.75,21.75,0.));
#4110=CARTESIAN_POINT('',(-32.75,18.25,8.));
#4111=CARTESIAN_POINT('Origin',(-32.75,21.75,8.));
#4112=CARTESIAN_POINT('',(-32.75,18.25,0.));
#4113=CARTESIAN_POINT('Origin',(-34.,18.25,0.));
#4114=CARTESIAN_POINT('',(-32.5,18.25,8.));
#4115=CARTESIAN_POINT('Origin',(-32.5000004842877,-18.000000320375,-1.5));
#4116=CARTESIAN_POINT('',(-34.2,-18.000000320375,-1.5));
#4117=CARTESIAN_POINT('',(-34.0250001210719,-18.000000320375,-1.67499987892807));
#4118=CARTESIAN_POINT('',(-32.5000004842877,-18.000000320375,-1.5));
#4119=CARTESIAN_POINT('',(-16.2500002421439,-18.000000320375,-1.5));
#4120=CARTESIAN_POINT('',(-32.5000004842877,-18.000000320375,-1.5));
#4121=CARTESIAN_POINT('Origin',(0.,0.,-1.5));
#4122=CARTESIAN_POINT('',(-34.2,18.000000320375,-1.5));
#4123=CARTESIAN_POINT('',(-34.2,-10.6,-1.5));
#4124=CARTESIAN_POINT('',(-32.5000004842877,18.000000320375,-1.5));
#4125=CARTESIAN_POINT('',(-16.2500002421439,18.000000320375,-1.5));
#4126=CARTESIAN_POINT('',(-29.0000004842877,21.500000320375,-1.5));
#4127=CARTESIAN_POINT('Origin',(-32.5000004842877,21.500000320375,-1.5));
#4128=CARTESIAN_POINT('',(-29.0000004842877,23.2,-1.5));
#4129=CARTESIAN_POINT('',(-29.0000004842877,12.6889416762524,-1.5));
#4130=CARTESIAN_POINT('',(29.0000004842877,23.2,-1.5));
#4131=CARTESIAN_POINT('',(-16.1,23.2,-1.5));
#4132=CARTESIAN_POINT('',(29.0000004842877,21.500000320375,-1.5));
#4133=CARTESIAN_POINT('',(29.0000004842877,12.6889416762524,-1.5));
#4134=CARTESIAN_POINT('',(32.5000004842877,18.000000320375,-1.5));
#4135=CARTESIAN_POINT('Origin',(32.5000004842877,21.500000320375,-1.5));
#4136=CARTESIAN_POINT('',(34.2,18.000000320375,-1.5));
#4137=CARTESIAN_POINT('',(16.2500002421439,18.000000320375,-1.5));
#4138=CARTESIAN_POINT('',(34.2,-18.000000320375,-1.5));
#4139=CARTESIAN_POINT('',(34.2,10.6,-1.5));
#4140=CARTESIAN_POINT('',(32.5000004842877,-18.000000320375,-1.5));
#4141=CARTESIAN_POINT('',(16.2500002421439,-18.000000320375,-1.5));
#4142=CARTESIAN_POINT('',(29.0000004842877,-21.500000320375,-1.5));
#4143=CARTESIAN_POINT('Origin',(32.5000004842877,-21.500000320375,-1.5));
#4144=CARTESIAN_POINT('',(29.0000004842877,-23.2,-1.5));
#4145=CARTESIAN_POINT('',(29.0000004842877,-12.6889416762524,-1.5));
#4146=CARTESIAN_POINT('',(-29.0000004842877,-23.2,-1.5));
#4147=CARTESIAN_POINT('',(16.1,-23.2,-1.5));
#4148=CARTESIAN_POINT('',(-29.0000004842877,-21.500000320375,-1.5));
#4149=CARTESIAN_POINT('',(-29.0000004842877,-12.6889416762524,-1.5));
#4150=CARTESIAN_POINT('Origin',(-32.5000004842877,-21.500000320375,-1.5));
#4151=CARTESIAN_POINT('Origin',(-29.0000004842877,-25.3778833525049,-1.5));
#4152=CARTESIAN_POINT('',(-29.0000004842877,-24.2,-0.5));
#4153=CARTESIAN_POINT('',(-29.0000004842877,-23.9944708381262,-0.705529161873783));
#4154=CARTESIAN_POINT('',(-29.0000004842877,-24.2,-0.75));
#4155=CARTESIAN_POINT('',(-29.0000004842877,-21.500000320375,-1.5));
#4156=CARTESIAN_POINT('Origin',(32.2,-24.2,0.));
#4157=CARTESIAN_POINT('',(29.0000004842877,-24.2,-0.5));
#4158=CARTESIAN_POINT('',(16.1,-24.2,-0.5));
#4159=CARTESIAN_POINT('',(29.0000004842877,-24.2,-0.75));
#4160=CARTESIAN_POINT('',(32.2,-24.2,8.));
#4161=CARTESIAN_POINT('',(32.2,-24.2,0.));
#4162=CARTESIAN_POINT('',(-32.2,-24.2,8.));
#4163=CARTESIAN_POINT('',(-32.2,-24.2,8.));
#4164=CARTESIAN_POINT('',(-32.2,-24.2,0.));
#4165=CARTESIAN_POINT('Origin',(-32.2,24.2,0.));
#4166=CARTESIAN_POINT('',(-29.0000004842877,24.2,-0.5));
#4167=CARTESIAN_POINT('',(29.0000004842877,24.2,-0.5));
#4168=CARTESIAN_POINT('',(-16.1,24.2,-0.5));
#4169=CARTESIAN_POINT('',(-29.0000004842877,24.2,2.1));
#4170=CARTESIAN_POINT('',(-29.0000004842877,24.2,-0.75));
#4171=CARTESIAN_POINT('',(-32.2,24.2,2.1));
#4172=CARTESIAN_POINT('',(-32.527439114056,24.2,2.1));
#4173=CARTESIAN_POINT('',(-32.2,24.2,8.));
#4174=CARTESIAN_POINT('',(-32.2,24.2,0.));
#4175=CARTESIAN_POINT('',(32.2,24.2,8.));
#4176=CARTESIAN_POINT('',(32.2,24.2,8.));
#4177=CARTESIAN_POINT('',(32.2,24.2,2.1));
#4178=CARTESIAN_POINT('',(32.2,24.2,0.));
#4179=CARTESIAN_POINT('',(29.0000004842877,24.2,2.1));
#4180=CARTESIAN_POINT('',(0.327439114056025,24.2,2.1));
#4181=CARTESIAN_POINT('',(29.0000004842877,24.2,-0.75));
#4182=CARTESIAN_POINT('Origin',(35.2,21.2,0.));
#4183=CARTESIAN_POINT('',(35.2,18.000000320375,-0.5));
#4184=CARTESIAN_POINT('',(35.2,-18.000000320375,-0.5));
#4185=CARTESIAN_POINT('',(35.2,10.6,-0.5));
#4186=CARTESIAN_POINT('',(35.2,18.000000320375,2.1));
#4187=CARTESIAN_POINT('',(35.2,18.000000320375,-0.75));
#4188=CARTESIAN_POINT('',(35.2,21.2,2.1));
#4189=CARTESIAN_POINT('',(35.2,21.44447091822,2.1));
#4190=CARTESIAN_POINT('',(35.2,21.2,8.));
#4191=CARTESIAN_POINT('',(35.2,21.2,0.));
#4192=CARTESIAN_POINT('',(35.2,-21.2,8.));
#4193=CARTESIAN_POINT('',(35.2,-21.2,8.));
#4194=CARTESIAN_POINT('',(35.2,-21.2,0.));
#4195=CARTESIAN_POINT('',(35.2,-18.000000320375,-0.75));
#4196=CARTESIAN_POINT('Origin',(29.0000004842877,25.3778833525049,-1.5));
#4197=CARTESIAN_POINT('',(29.0000004842877,23.9944708381262,-0.705529161873783));
#4198=CARTESIAN_POINT('',(29.0000004842877,21.500000320375,2.1));
#4199=CARTESIAN_POINT('',(29.0000004842877,21.500000320375,2.1));
#4200=CARTESIAN_POINT('',(29.0000004842877,21.500000320375,-1.5));
#4201=CARTESIAN_POINT('Origin',(-32.5000004842877,-21.500000320375,-1.5));
#4202=CARTESIAN_POINT('Origin',(-32.5,-21.5,0.));
#4203=CARTESIAN_POINT('',(-34.1,-21.5,8.));
#4204=CARTESIAN_POINT('Origin',(-32.5,-21.5,8.));
#4205=CARTESIAN_POINT('',(-34.1,-21.5,0.));
#4206=CARTESIAN_POINT('',(-34.,-20.943222579384,4.5));
#4207=CARTESIAN_POINT('',(-34.,-20.943223563717,0.));
#4208=CARTESIAN_POINT('',(-31.9432231848899,-23.,4.5));
#4209=CARTESIAN_POINT('Origin',(-32.5000004842877,-21.500000320375,4.5));
#4210=CARTESIAN_POINT('',(-31.943223563717,-23.,0.));
#4211=CARTESIAN_POINT('Origin',(32.5000004842877,-18.000000320375,-1.5));
#4212=CARTESIAN_POINT('',(34.0250001210719,-18.000000320375,-1.67499987892807));
#4213=CARTESIAN_POINT('',(32.5000004842877,-18.000000320375,-1.5));
#4214=CARTESIAN_POINT('Origin',(29.0000004842877,-25.3778833525049,-1.5));
#4215=CARTESIAN_POINT('',(29.0000004842877,-23.9944708381262,-0.705529161873783));
#4216=CARTESIAN_POINT('',(29.0000004842877,-21.500000320375,-1.5));
#4217=CARTESIAN_POINT('Origin',(32.5000004842877,-21.500000320375,-1.5));
#4218=CARTESIAN_POINT('Origin',(32.2,-21.2,0.));
#4219=CARTESIAN_POINT('Origin',(32.2,-21.2,8.));
#4220=CARTESIAN_POINT('Origin',(32.5,-21.5,0.));
#4221=CARTESIAN_POINT('',(30.9,-21.5,8.));
#4222=CARTESIAN_POINT('Origin',(32.5,-21.5,8.));
#4223=CARTESIAN_POINT('',(30.9000004842878,-21.5,4.5));
#4224=CARTESIAN_POINT('',(30.9,-21.5,0.));
#4225=CARTESIAN_POINT('',(34.,-20.943222579384,4.5));
#4226=CARTESIAN_POINT('Origin',(32.5000004842877,-21.500000320375,4.5));
#4227=CARTESIAN_POINT('',(34.,-20.943223563717,0.));
#4228=CARTESIAN_POINT('',(31.9432231848899,-23.,4.5));
#4229=CARTESIAN_POINT('',(31.943223563717,-23.,0.));
#4230=CARTESIAN_POINT('Origin',(32.5000004842877,-21.500000320375,4.5));
#4231=CARTESIAN_POINT('Origin',(-29.0000004842877,25.3778833525049,-1.5));
#4232=CARTESIAN_POINT('',(-29.0000004842877,23.9944708381262,-0.705529161873783));
#4233=CARTESIAN_POINT('',(-29.0000004842877,21.500000320375,2.1));
#4234=CARTESIAN_POINT('',(-29.0000004842877,21.500000320375,-1.5));
#4235=CARTESIAN_POINT('',(-29.0000004842877,21.500000320375,2.1));
#4236=CARTESIAN_POINT('Origin',(-32.854878228112,21.6889418364399,2.1));
#4237=CARTESIAN_POINT('Origin',(-32.2,21.2,2.1));
#4238=CARTESIAN_POINT('',(-32.5000004842877,18.000000320375,2.1));
#4239=CARTESIAN_POINT('Origin',(-32.5000004842877,21.500000320375,2.1));
#4240=CARTESIAN_POINT('',(-32.5000004842877,18.000000320375,2.1));
#4241=CARTESIAN_POINT('',(-34.,20.943223563717,2.1));
#4242=CARTESIAN_POINT('',(-34.1,21.5,2.1));
#4243=CARTESIAN_POINT('Origin',(-32.5,21.5,2.1));
#4244=CARTESIAN_POINT('',(-31.943223563717,23.,2.1));
#4245=CARTESIAN_POINT('Origin',(-32.5000004842877,21.500000320375,2.1));
#4246=CARTESIAN_POINT('Origin',(-32.5,21.5,2.1));
#4247=CARTESIAN_POINT('Origin',(-32.5000004842877,18.000000320375,-1.5));
#4248=CARTESIAN_POINT('',(-34.0250001210719,18.000000320375,-1.67499987892807));
#4249=CARTESIAN_POINT('',(-32.5000004842877,18.000000320375,-1.5));
#4250=CARTESIAN_POINT('Origin',(-32.5000004842877,21.500000320375,-1.5));
#4251=CARTESIAN_POINT('Origin',(-32.5,21.5,0.));
#4252=CARTESIAN_POINT('',(-34.1,21.5,8.));
#4253=CARTESIAN_POINT('Origin',(-32.5,21.5,8.));
#4254=CARTESIAN_POINT('',(-34.1,21.5,0.));
#4255=CARTESIAN_POINT('',(-31.9432231848899,23.,4.5));
#4256=CARTESIAN_POINT('',(-31.943223563717,23.,0.));
#4257=CARTESIAN_POINT('',(-34.,20.943222579384,4.5));
#4258=CARTESIAN_POINT('Origin',(-32.5000004842877,21.500000320375,4.5));
#4259=CARTESIAN_POINT('',(-34.,20.943223563717,0.));
#4260=CARTESIAN_POINT('Origin',(-32.5000004842877,-21.500000320375,-1.5));
#4261=CARTESIAN_POINT('Origin',(-32.5000004842877,-17.000000320375,-1.5));
#4262=CARTESIAN_POINT('Origin',(16.1,-23.7,-1.));
#4263=CARTESIAN_POINT('Origin',(32.5000004842877,-21.500000320375,-1.5));
#4264=CARTESIAN_POINT('Origin',(31.6000002421439,-20.6000001601875,4.5));
#4265=CARTESIAN_POINT('',(32.5000004842877,-17.000000320375,4.5));
#4266=CARTESIAN_POINT('Origin',(32.5000004842877,-17.000000320375,-1.5));
#4267=CARTESIAN_POINT('Origin',(34.7,10.6,-1.));
#4268=CARTESIAN_POINT('',(34.0250001210719,18.000000320375,-1.67499987892807));
#4269=CARTESIAN_POINT('Origin',(-32.5000004842877,21.500000320375,-1.5));
#4270=CARTESIAN_POINT('Origin',(-32.5000004842877,17.000000320375,-1.5));
#4271=CARTESIAN_POINT('Origin',(-32.2,21.2,0.));
#4272=CARTESIAN_POINT('Origin',(-32.2,21.2,8.));
#4273=CARTESIAN_POINT('Origin',(-34.7,-10.6,-1.));
#4274=CARTESIAN_POINT('Origin',(32.5000004842877,21.500000320375,-1.5));
#4275=CARTESIAN_POINT('',(34.,22.056776436283,8.));
#4276=CARTESIAN_POINT('',(34.,22.056776436283,2.1));
#4277=CARTESIAN_POINT('',(34.,22.056776436283,0.));
#4278=CARTESIAN_POINT('',(34.,20.943223563717,2.1));
#4279=CARTESIAN_POINT('Origin',(32.5000004842877,21.500000320375,2.1));
#4280=CARTESIAN_POINT('',(34.,20.943223563717,8.));
#4281=CARTESIAN_POINT('',(34.,20.943223563717,0.));
#4282=CARTESIAN_POINT('Origin',(32.5000004842877,21.500000320375,8.));
#4283=CARTESIAN_POINT('Origin',(32.5000004842877,21.500000320375,-1.5));
#4284=CARTESIAN_POINT('',(33.056776436283,23.,2.1));
#4285=CARTESIAN_POINT('',(33.056776436283,23.,8.));
#4286=CARTESIAN_POINT('',(33.056776436283,23.,0.));
#4287=CARTESIAN_POINT('',(31.943223563717,23.,8.));
#4288=CARTESIAN_POINT('Origin',(32.5000004842877,21.500000320375,8.));
#4289=CARTESIAN_POINT('',(31.943223563717,23.,2.1));
#4290=CARTESIAN_POINT('',(31.943223563717,23.,0.));
#4291=CARTESIAN_POINT('Origin',(32.5000004842877,21.500000320375,2.1));
#4292=CARTESIAN_POINT('Origin',(32.5,21.5,0.));
#4293=CARTESIAN_POINT('Origin',(32.5,21.5,2.1));
#4294=CARTESIAN_POINT('Origin',(32.5,21.5,8.));
#4295=CARTESIAN_POINT('Origin',(32.854878228112,21.6889418364399,2.1));
#4296=CARTESIAN_POINT('Origin',(32.2,21.2,2.1));
#4297=CARTESIAN_POINT('',(32.5000004842877,18.000000320375,2.1));
#4298=CARTESIAN_POINT('',(32.5000004842877,18.000000320375,2.1));
#4299=CARTESIAN_POINT('Origin',(32.5000004842877,21.500000320375,2.1));
#4300=CARTESIAN_POINT('Origin',(32.5,21.5,2.1));
#4301=CARTESIAN_POINT('Origin',(32.5000004842877,18.000000320375,-1.5));
#4302=CARTESIAN_POINT('',(32.5000004842877,18.000000320375,-1.5));
#4303=CARTESIAN_POINT('Origin',(32.5000004842877,21.500000320375,-1.5));
#4304=CARTESIAN_POINT('Origin',(32.5,21.5,0.));
#4305=CARTESIAN_POINT('Origin',(32.5,21.5,8.));
#4306=CARTESIAN_POINT('Origin',(32.5000004842877,17.000000320375,-1.5));
#4307=CARTESIAN_POINT('',(32.5000004842877,17.000000320375,4.5));
#4308=CARTESIAN_POINT('Origin',(31.6000002421439,20.6000001601875,4.5));
#4309=CARTESIAN_POINT('Origin',(32.2,21.2,0.));
#4310=CARTESIAN_POINT('Origin',(32.2,21.2,8.));
#4311=CARTESIAN_POINT('Origin',(0.,0.,8.));
#4312=CARTESIAN_POINT('Origin',(-32.2,-21.2,8.));
#4313=CARTESIAN_POINT('Origin',(-16.1,23.7,-1.));
#4314=CARTESIAN_POINT('Origin',(0.,0.,0.));
#4315=CARTESIAN_POINT('Origin',(0.,0.,0.));
#4316=CARTESIAN_POINT('Origin',(0.,0.,0.));
#4317=CARTESIAN_POINT('Origin',(-32.2,-21.2,0.));
#4318=CARTESIAN_POINT('Origin',(0.,0.,0.));
#4319=CARTESIAN_POINT('Origin',(-32.,-1.59999995529652,2.79999986812472));
#4320=CARTESIAN_POINT('',(-32.6,-1.99999995529652,2.79999986812472));
#4321=CARTESIAN_POINT('',(-32.6,-1.59999995529652,2.39999986812472));
#4322=CARTESIAN_POINT('Origin',(-32.6,-1.59999995529652,2.79999986812472));
#4323=CARTESIAN_POINT('',(-32.,-1.59999995529652,2.39999986812472));
#4324=CARTESIAN_POINT('',(-32.,-1.59999995529652,2.39999986812472));
#4325=CARTESIAN_POINT('',(-32.,-1.99999995529652,2.79999986812472));
#4326=CARTESIAN_POINT('Origin',(-32.,-1.59999995529652,2.79999986812472));
#4327=CARTESIAN_POINT('',(-32.,-1.99999995529652,2.79999986812472));
#4328=CARTESIAN_POINT('Origin',(-32.,2.00000004470348,2.39999986812472));
#4329=CARTESIAN_POINT('',(-32.6,1.60000004470348,2.39999986812472));
#4330=CARTESIAN_POINT('',(-32.6,2.00000004470348,2.39999986812472));
#4331=CARTESIAN_POINT('',(-32.,1.60000004470348,2.39999986812472));
#4332=CARTESIAN_POINT('',(-32.,1.60000004470348,2.39999986812472));
#4333=CARTESIAN_POINT('',(-32.,2.00000004470348,2.39999986812472));
#4334=CARTESIAN_POINT('Origin',(-32.6,4.47034836925653E-8,4.14999986812472));
#4335=CARTESIAN_POINT('',(-32.6,-1.99999995529652,5.49999986812472));
#4336=CARTESIAN_POINT('',(-32.6,-1.99999995529652,2.39999986812472));
#4337=CARTESIAN_POINT('',(-32.6,-1.59999995529652,5.89999986812472));
#4338=CARTESIAN_POINT('Origin',(-32.6,-1.59999995529652,5.49999986812472));
#4339=CARTESIAN_POINT('',(-32.6,8.88178419700125E-15,5.89999986812472));
#4340=CARTESIAN_POINT('',(-32.6,-1.99999995529652,5.89999986812472));
#4341=CARTESIAN_POINT('',(-32.6,-0.749999999999991,3.10096189432334));
#4342=CARTESIAN_POINT('Origin',(-32.6,8.88178419700125E-15,4.4));
#4343=CARTESIAN_POINT('',(-32.6,-0.749999999999991,2.64999995082617));
#4344=CARTESIAN_POINT('',(-32.6,-0.749999999999992,3.55692960324511));
#4345=CARTESIAN_POINT('',(-32.6,-0.549999999999991,2.44999995082617));
#4346=CARTESIAN_POINT('',(-32.6,-0.887499968148761,2.78749991897494));
#4347=CARTESIAN_POINT('',(-32.6,0.549999984963659,2.44999995082617));
#4348=CARTESIAN_POINT('',(-32.6,-0.499999977648254,2.44999995082617));
#4349=CARTESIAN_POINT('',(-32.6,0.74999999081598,2.64999995082617));
#4350=CARTESIAN_POINT('',(-32.6,0.887499976662864,2.78749993264958));
#4351=CARTESIAN_POINT('',(-32.6,0.74999999575713,2.81886116790324));
#4352=CARTESIAN_POINT('',(-32.6,0.75000000617832,3.17499990216005));
#4353=CARTESIAN_POINT('',(-32.6,0.749999984963659,3.1009618856421));
#4354=CARTESIAN_POINT('',(-32.6,0.749999984963659,3.29999990947544));
#4355=CARTESIAN_POINT('',(-32.6,0.857142857142866,5.63097770997244));
#4356=CARTESIAN_POINT('Origin',(-32.6,8.88178419700125E-15,4.4));
#4357=CARTESIAN_POINT('Origin',(-32.6,8.88178419700125E-15,4.4));
#4358=CARTESIAN_POINT('',(-32.6,1.60000004470348,5.89999986812472));
#4359=CARTESIAN_POINT('',(-32.6,-1.99999995529652,5.89999986812472));
#4360=CARTESIAN_POINT('',(-32.6,2.00000004470348,5.49999986812472));
#4361=CARTESIAN_POINT('Origin',(-32.6,1.60000004470348,5.49999986812472));
#4362=CARTESIAN_POINT('',(-32.6,2.00000004470348,2.79999986812472));
#4363=CARTESIAN_POINT('',(-32.6,2.00000004470348,5.89999986812472));
#4364=CARTESIAN_POINT('Origin',(-32.6,1.60000004470348,2.79999986812472));
#4365=CARTESIAN_POINT('Origin',(-32.,1.60000004470348,2.79999986812472));
#4366=CARTESIAN_POINT('',(-32.,2.00000004470348,2.79999986812472));
#4367=CARTESIAN_POINT('',(-32.,2.00000004470348,2.79999986812472));
#4368=CARTESIAN_POINT('Origin',(-32.,1.60000004470348,2.79999986812472));
#4369=CARTESIAN_POINT('Origin',(-32.,2.00000004470348,5.89999986812472));
#4370=CARTESIAN_POINT('',(-32.,2.00000004470348,5.49999986812472));
#4371=CARTESIAN_POINT('',(-32.,2.00000004470348,5.49999986812472));
#4372=CARTESIAN_POINT('',(-32.,2.00000004470348,5.89999986812472));
#4373=CARTESIAN_POINT('Origin',(-32.,1.60000004470348,5.49999986812472));
#4374=CARTESIAN_POINT('',(-32.,1.60000004470348,5.89999986812472));
#4375=CARTESIAN_POINT('',(-32.,1.60000004470348,5.89999986812472));
#4376=CARTESIAN_POINT('Origin',(-32.,1.60000004470348,5.49999986812472));
#4377=CARTESIAN_POINT('Origin',(-32.,-1.99999995529652,5.89999986812472));
#4378=CARTESIAN_POINT('',(-32.,-1.59999995529652,5.89999986812472));
#4379=CARTESIAN_POINT('',(-32.,-1.59999995529652,5.89999986812472));
#4380=CARTESIAN_POINT('',(-32.,-1.99999995529652,5.89999986812472));
#4381=CARTESIAN_POINT('Origin',(-32.,-1.59999995529652,5.49999986812472));
#4382=CARTESIAN_POINT('',(-32.,-1.99999995529652,5.49999986812472));
#4383=CARTESIAN_POINT('',(-32.,-1.99999995529652,5.49999986812472));
#4384=CARTESIAN_POINT('Origin',(-32.,-1.59999995529652,5.49999986812472));
#4385=CARTESIAN_POINT('Origin',(-32.,-1.99999995529652,2.39999986812472));
#4386=CARTESIAN_POINT('',(-32.,-1.99999995529652,2.39999986812472));
#4387=CARTESIAN_POINT('Origin',(-32.,0.749999984963659,2.44999995082617));
#4388=CARTESIAN_POINT('',(-35.,0.74999999575713,2.81886116790324));
#4389=CARTESIAN_POINT('',(-34.,0.74999999575713,2.81886116790324));
#4390=CARTESIAN_POINT('',(-35.,0.749999984963659,3.1009618856421));
#4391=CARTESIAN_POINT('',(-35.,0.749999984963659,2.44999995082617));
#4392=CARTESIAN_POINT('',(-34.,0.749999984963659,3.1009618856421));
#4393=CARTESIAN_POINT('Origin',(-34.,0.749999977648258,2.19999995814157));
#4394=CARTESIAN_POINT('',(-35.,0.74999999081598,2.64999995082617));
#4395=CARTESIAN_POINT('',(-34.,0.74999999081598,2.64999995082617));
#4396=CARTESIAN_POINT('',(-35.,0.749999983236196,2.3909647903956));
#4397=CARTESIAN_POINT('Origin',(-34.,0.649999987889819,2.54999995082617));
#4398=CARTESIAN_POINT('',(-34.8,0.549999984963659,2.44999995082617));
#4399=CARTESIAN_POINT('',(-34.,0.549999984963659,2.44999995082617));
#4400=CARTESIAN_POINT('',(-34.8,0.549999984963659,2.44999995082617));
#4401=CARTESIAN_POINT('Origin',(-34.,-0.999999999999991,2.44999995082617));
#4402=CARTESIAN_POINT('',(-34.8,-0.549999999999991,2.44999995082617));
#4403=CARTESIAN_POINT('',(-34.,-0.549999999999991,2.44999995082617));
#4404=CARTESIAN_POINT('',(-34.8,-0.499999999999991,2.44999995082617));
#4405=CARTESIAN_POINT('Origin',(-34.,-0.649999999999991,2.54999995082617));
#4406=CARTESIAN_POINT('',(-35.,-0.749999999999991,2.64999995082617));
#4407=CARTESIAN_POINT('',(-34.,-0.749999999999991,2.64999995082617));
#4408=CARTESIAN_POINT('',(-35.,-0.749999999999991,2.64999995082617));
#4409=CARTESIAN_POINT('Origin',(-34.9,-0.499999999999991,2.54999995082617));
#4410=CARTESIAN_POINT('',(-35.,-0.499999999999991,2.64999995082617));
#4411=CARTESIAN_POINT('Origin',(-35.,8.88178419700125E-15,2.58192964459583));
#4412=CARTESIAN_POINT('',(-35.,-0.749999999999991,3.10096189432334));
#4413=CARTESIAN_POINT('',(-35.,-0.749999999999991,2.77289449148066));
#4414=CARTESIAN_POINT('Origin',(-35.,8.88178419700125E-15,4.4));
#4415=CARTESIAN_POINT('Origin',(-34.,-0.749999999999992,2.96385933836549));
#4416=CARTESIAN_POINT('',(-34.,-0.749999999999991,3.10096189432334));
#4417=CARTESIAN_POINT('Origin',(-34.,8.88178419700125E-15,4.4));
#4418=CARTESIAN_POINT('',(-37.,0.857142857142866,5.63097770997244));
#4419=CARTESIAN_POINT('Origin',(-37.,8.88178419700125E-15,4.4));
#4420=CARTESIAN_POINT('',(-34.,0.857142857142866,5.63097770997244));
#4421=CARTESIAN_POINT('Origin',(-32.,9.15933995315754E-15,4.4));
#4422=CARTESIAN_POINT('Origin',(-37.,9.15933995315754E-15,4.4));
#4423=CARTESIAN_POINT('',(0.,0.,0.));
#4424=CARTESIAN_POINT('Origin',(0.,0.,0.));
#4425=UNCERTAINTY_MEASURE_WITH_UNIT(LENGTH_MEASURE(0.01),#4431,
'DISTANCE_ACCURACY_VALUE',
'Maximum model space distance between geometric entities at asserted c
onnectivities');
#4426=UNCERTAINTY_MEASURE_WITH_UNIT(LENGTH_MEASURE(0.01),#4431,
'DISTANCE_ACCURACY_VALUE',
'Maximum model space distance between geometric entities at asserted c
onnectivities');
#4427=UNCERTAINTY_MEASURE_WITH_UNIT(LENGTH_MEASURE(0.01),#4431,
'DISTANCE_ACCURACY_VALUE',
'Maximum model space distance between geometric entities at asserted c
onnectivities');
#4428=(
GEOMETRIC_REPRESENTATION_CONTEXT(3)
GLOBAL_UNCERTAINTY_ASSIGNED_CONTEXT((#4425))
GLOBAL_UNIT_ASSIGNED_CONTEXT((#4431,#4433,#4434))
REPRESENTATION_CONTEXT('','3D')
);
#4429=(
GEOMETRIC_REPRESENTATION_CONTEXT(3)
GLOBAL_UNCERTAINTY_ASSIGNED_CONTEXT((#4426))
GLOBAL_UNIT_ASSIGNED_CONTEXT((#4431,#4433,#4434))
REPRESENTATION_CONTEXT('','3D')
);
#4430=(
GEOMETRIC_REPRESENTATION_CONTEXT(3)
GLOBAL_UNCERTAINTY_ASSIGNED_CONTEXT((#4427))
GLOBAL_UNIT_ASSIGNED_CONTEXT((#4431,#4433,#4434))
REPRESENTATION_CONTEXT('','3D')
);
#4431=(
LENGTH_UNIT()
NAMED_UNIT(*)
SI_UNIT(.MILLI.,.METRE.)
);
#4432=(
LENGTH_UNIT()
NAMED_UNIT(*)
SI_UNIT($,.METRE.)
);
#4433=(
NAMED_UNIT(*)
PLANE_ANGLE_UNIT()
SI_UNIT($,.RADIAN.)
);
#4434=(
NAMED_UNIT(*)
SI_UNIT($,.STERADIAN.)
SOLID_ANGLE_UNIT()
);
#4435=SHAPE_DEFINITION_REPRESENTATION(#4437,#4440);
#4436=SHAPE_DEFINITION_REPRESENTATION(#4438,#4441);
#4437=PRODUCT_DEFINITION_SHAPE('',$,#4443);
#4438=PRODUCT_DEFINITION_SHAPE('',$,#4444);
#4439=PRODUCT_DEFINITION_SHAPE($,$,#17);
#4440=SHAPE_REPRESENTATION('',(#2594,#2840),#4428);
#4441=SHAPE_REPRESENTATION('',(#2595),#4429);
#4442=PRODUCT_DEFINITION_CONTEXT('part definition',#4450,'design');
#4443=PRODUCT_DEFINITION('tr246 Geh\X\E4useboden GEH KS 21 Variante B',
'tr246 Geh\X\E4useboden GEH KS 21 Variante B v7',#4445,#4442);
#4444=PRODUCT_DEFINITION('Boden','Boden',#4446,#4442);
#4445=PRODUCT_DEFINITION_FORMATION('',$,#4452);
#4446=PRODUCT_DEFINITION_FORMATION('',$,#4453);
#4447=PRODUCT_RELATED_PRODUCT_CATEGORY(
'tr246 Geh\X\E4useboden GEH KS 21 Variante B v7',
'tr246 Geh\X\E4useboden GEH KS 21 Variante B v7',(#4452));
#4448=PRODUCT_RELATED_PRODUCT_CATEGORY('Boden','Boden',(#4453));
#4449=APPLICATION_PROTOCOL_DEFINITION('international standard',
'automotive_design',2009,#4450);
#4450=APPLICATION_CONTEXT(
'Core Data for Automotive Mechanical Design Process');
#4451=PRODUCT_CONTEXT('part definition',#4450,'mechanical');
#4452=PRODUCT('tr246 Geh\X\E4useboden GEH KS 21 Variante B',
'tr246 Geh\X\E4useboden GEH KS 21 Variante B v7',$,(#4451));
#4453=PRODUCT('Boden','Boden',$,(#4451));
#4454=PRESENTATION_STYLE_ASSIGNMENT((#4458));
#4455=PRESENTATION_STYLE_ASSIGNMENT((#4459));
#4456=PRESENTATION_STYLE_ASSIGNMENT((#4460));
#4457=PRESENTATION_STYLE_ASSIGNMENT((NULL_STYLE(.NULL.)));
#4458=SURFACE_STYLE_USAGE(.BOTH.,#4461);
#4459=SURFACE_STYLE_USAGE(.BOTH.,#4462);
#4460=SURFACE_STYLE_USAGE(.BOTH.,#4463);
#4461=SURFACE_SIDE_STYLE('',(#4464));
#4462=SURFACE_SIDE_STYLE('',(#4465));
#4463=SURFACE_SIDE_STYLE('',(#4466));
#4464=SURFACE_STYLE_FILL_AREA(#4467);
#4465=SURFACE_STYLE_FILL_AREA(#4468);
#4466=SURFACE_STYLE_FILL_AREA(#4469);
#4467=FILL_AREA_STYLE('Stahl - satiniert',(#4470));
#4468=FILL_AREA_STYLE('Farbe - Emaille gl\X\E4nzend (Blau)',(#4471));
#4469=FILL_AREA_STYLE('Farbe - Emaille gl\X\E4nzend (Gelb)',(#4472));
#4470=FILL_AREA_STYLE_COLOUR('Stahl - satiniert',#4473);
#4471=FILL_AREA_STYLE_COLOUR('Farbe - Emaille gl\X\E4nzend (Blau)',#4474);
#4472=FILL_AREA_STYLE_COLOUR('Farbe - Emaille gl\X\E4nzend (Gelb)',#4475);
#4473=COLOUR_RGB('Stahl - satiniert',0.627450980392157,0.627450980392157,
0.627450980392157);
#4474=COLOUR_RGB('Farbe - Emaille gl\X\E4nzend (Blau)',0.188235294117647,
0.231372549019608,0.588235294117647);
#4475=COLOUR_RGB('Farbe - Emaille gl\X\E4nzend (Gelb)',0.909803921568627,
0.67843137254902,0.137254901960784);
ENDSEC;
END-ISO-10303-21;
